CommitID,CommitDate,QualityCriteria,PercentagePassed
a7ae0fef4995b1b5b3ca0f29eddb97703dd79151,2023-10-24T13:10:41Z,QC.Acc,100%
a7ae0fef4995b1b5b3ca0f29eddb97703dd79151,2023-10-24T13:10:41Z,QC.Doc,80%
a7ae0fef4995b1b5b3ca0f29eddb97703dd79151,2023-10-24T13:10:41Z,QC.Lic,100%
a7ae0fef4995b1b5b3ca0f29eddb97703dd79151,2023-10-24T13:10:41Z,QC.Sec,0%
a7ae0fef4995b1b5b3ca0f29eddb97703dd79151,2023-10-24T13:10:41Z,QC.Sty,0%
a7ae0fef4995b1b5b3ca0f29eddb97703dd79151,2023-10-24T13:10:41Z,QC.Ver,33%
a7ae0fef4995b1b5b3ca0f29eddb97703dd79151,2023-10-24T13:10:41Z,QC.Met,0%
cca520bd8c4e9c7923dd00a9c906b2235fdf132a,2023-10-25T06:51:37Z,QC.Acc,100%
cca520bd8c4e9c7923dd00a9c906b2235fdf132a,2023-10-25T06:51:37Z,QC.Doc,80%
cca520bd8c4e9c7923dd00a9c906b2235fdf132a,2023-10-25T06:51:37Z,QC.Lic,100%
cca520bd8c4e9c7923dd00a9c906b2235fdf132a,2023-10-25T06:51:37Z,QC.Sec,0%
cca520bd8c4e9c7923dd00a9c906b2235fdf132a,2023-10-25T06:51:37Z,QC.Sty,0%
cca520bd8c4e9c7923dd00a9c906b2235fdf132a,2023-10-25T06:51:37Z,QC.Ver,33%
cca520bd8c4e9c7923dd00a9c906b2235fdf132a,2023-10-25T06:51:37Z,QC.Met,0%
f497aa17c3f2685c25d032df14ad1677d5cf24a5,2023-10-26T12:44:34Z,QC.Acc,100%
f497aa17c3f2685c25d032df14ad1677d5cf24a5,2023-10-26T12:44:34Z,QC.Doc,80%
f497aa17c3f2685c25d032df14ad1677d5cf24a5,2023-10-26T12:44:34Z,QC.Lic,100%
f497aa17c3f2685c25d032df14ad1677d5cf24a5,2023-10-26T12:44:34Z,QC.Sec,0%
f497aa17c3f2685c25d032df14ad1677d5cf24a5,2023-10-26T12:44:34Z,QC.Sty,0%
f497aa17c3f2685c25d032df14ad1677d5cf24a5,2023-10-26T12:44:34Z,QC.Ver,33%
f497aa17c3f2685c25d032df14ad1677d5cf24a5,2023-10-26T12:44:34Z,QC.Met,0%
151e2a27964b81c9ed68d69305a446dceba2f133,2023-10-27T14:50:12Z,QC.Acc,100%
151e2a27964b81c9ed68d69305a446dceba2f133,2023-10-27T14:50:12Z,QC.Doc,80%
151e2a27964b81c9ed68d69305a446dceba2f133,2023-10-27T14:50:12Z,QC.Lic,100%
151e2a27964b81c9ed68d69305a446dceba2f133,2023-10-27T14:50:12Z,QC.Sec,0%
151e2a27964b81c9ed68d69305a446dceba2f133,2023-10-27T14:50:12Z,QC.Sty,0%
151e2a27964b81c9ed68d69305a446dceba2f133,2023-10-27T14:50:12Z,QC.Ver,33%
151e2a27964b81c9ed68d69305a446dceba2f133,2023-10-27T14:50:12Z,QC.Met,0%
1e92146ac7f7130fabd5c49ddf1317e3b3634bc2,2023-10-27T14:56:25Z,QC.Acc,100%
1e92146ac7f7130fabd5c49ddf1317e3b3634bc2,2023-10-27T14:56:25Z,QC.Doc,80%
1e92146ac7f7130fabd5c49ddf1317e3b3634bc2,2023-10-27T14:56:25Z,QC.Lic,100%
1e92146ac7f7130fabd5c49ddf1317e3b3634bc2,2023-10-27T14:56:25Z,QC.Sec,0%
1e92146ac7f7130fabd5c49ddf1317e3b3634bc2,2023-10-27T14:56:25Z,QC.Sty,0%
1e92146ac7f7130fabd5c49ddf1317e3b3634bc2,2023-10-27T14:56:25Z,QC.Ver,33%
1e92146ac7f7130fabd5c49ddf1317e3b3634bc2,2023-10-27T14:56:25Z,QC.Met,0%
1207e16f2ab403134e406520fbfb3376816c9366,2023-10-27T14:58:59Z,QC.Acc,100%
1207e16f2ab403134e406520fbfb3376816c9366,2023-10-27T14:58:59Z,QC.Doc,80%
1207e16f2ab403134e406520fbfb3376816c9366,2023-10-27T14:58:59Z,QC.Lic,100%
1207e16f2ab403134e406520fbfb3376816c9366,2023-10-27T14:58:59Z,QC.Sec,0%
1207e16f2ab403134e406520fbfb3376816c9366,2023-10-27T14:58:59Z,QC.Sty,0%
1207e16f2ab403134e406520fbfb3376816c9366,2023-10-27T14:58:59Z,QC.Ver,33%
1207e16f2ab403134e406520fbfb3376816c9366,2023-10-27T14:58:59Z,QC.Met,0%
590a307fb3b16ad9c36fefe2a585528b4661fa29,2023-11-01T10:06:20Z,QC.Acc,100%
590a307fb3b16ad9c36fefe2a585528b4661fa29,2023-11-01T10:06:20Z,QC.Doc,80%
590a307fb3b16ad9c36fefe2a585528b4661fa29,2023-11-01T10:06:20Z,QC.Lic,100%
590a307fb3b16ad9c36fefe2a585528b4661fa29,2023-11-01T10:06:20Z,QC.Sec,0%
590a307fb3b16ad9c36fefe2a585528b4661fa29,2023-11-01T10:06:20Z,QC.Sty,0%
590a307fb3b16ad9c36fefe2a585528b4661fa29,2023-11-01T10:06:20Z,QC.Ver,33%
590a307fb3b16ad9c36fefe2a585528b4661fa29,2023-11-01T10:06:20Z,QC.Met,0%
0f8f547cadb526f525d26abdbbef98a2fd0babeb,2023-11-01T10:19:48Z,QC.Acc,100%
0f8f547cadb526f525d26abdbbef98a2fd0babeb,2023-11-01T10:19:48Z,QC.Doc,80%
0f8f547cadb526f525d26abdbbef98a2fd0babeb,2023-11-01T10:19:48Z,QC.Lic,100%
0f8f547cadb526f525d26abdbbef98a2fd0babeb,2023-11-01T10:19:48Z,QC.Sec,0%
0f8f547cadb526f525d26abdbbef98a2fd0babeb,2023-11-01T10:19:48Z,QC.Sty,0%
0f8f547cadb526f525d26abdbbef98a2fd0babeb,2023-11-01T10:19:48Z,QC.Ver,33%
0f8f547cadb526f525d26abdbbef98a2fd0babeb,2023-11-01T10:19:48Z,QC.Met,0%
adb02d07c00b1d5abb7fab0c525374e1662dc022,2023-11-01T10:39:22Z,QC.Acc,100%
adb02d07c00b1d5abb7fab0c525374e1662dc022,2023-11-01T10:39:22Z,QC.Doc,80%
adb02d07c00b1d5abb7fab0c525374e1662dc022,2023-11-01T10:39:22Z,QC.Lic,100%
adb02d07c00b1d5abb7fab0c525374e1662dc022,2023-11-01T10:39:22Z,QC.Sec,0%
adb02d07c00b1d5abb7fab0c525374e1662dc022,2023-11-01T10:39:22Z,QC.Sty,0%
adb02d07c00b1d5abb7fab0c525374e1662dc022,2023-11-01T10:39:22Z,QC.Ver,33%
adb02d07c00b1d5abb7fab0c525374e1662dc022,2023-11-01T10:39:22Z,QC.Met,0%
55c047c56ee4c79a2f09a5003edeeeb8884b75ae,2023-11-01T11:05:48Z,QC.Acc,100%
55c047c56ee4c79a2f09a5003edeeeb8884b75ae,2023-11-01T11:05:48Z,QC.Doc,80%
55c047c56ee4c79a2f09a5003edeeeb8884b75ae,2023-11-01T11:05:48Z,QC.Lic,100%
55c047c56ee4c79a2f09a5003edeeeb8884b75ae,2023-11-01T11:05:48Z,QC.Sec,0%
55c047c56ee4c79a2f09a5003edeeeb8884b75ae,2023-11-01T11:05:48Z,QC.Sty,0%
55c047c56ee4c79a2f09a5003edeeeb8884b75ae,2023-11-01T11:05:48Z,QC.Ver,33%
55c047c56ee4c79a2f09a5003edeeeb8884b75ae,2023-11-01T11:05:48Z,QC.Met,0%
9c2a7966470704e0cb7b4fcffaa11e5aac72be14,2023-11-01T11:11:37Z,QC.Acc,100%
9c2a7966470704e0cb7b4fcffaa11e5aac72be14,2023-11-01T11:11:37Z,QC.Doc,80%
9c2a7966470704e0cb7b4fcffaa11e5aac72be14,2023-11-01T11:11:37Z,QC.Lic,100%
9c2a7966470704e0cb7b4fcffaa11e5aac72be14,2023-11-01T11:11:37Z,QC.Sec,0%
9c2a7966470704e0cb7b4fcffaa11e5aac72be14,2023-11-01T11:11:37Z,QC.Sty,0%
9c2a7966470704e0cb7b4fcffaa11e5aac72be14,2023-11-01T11:11:37Z,QC.Ver,33%
9c2a7966470704e0cb7b4fcffaa11e5aac72be14,2023-11-01T11:11:37Z,QC.Met,0%
6950d123523fd4921a12eac906723480eb2d9ec5,2023-11-01T12:19:27Z,QC.Acc,100%
6950d123523fd4921a12eac906723480eb2d9ec5,2023-11-01T12:19:27Z,QC.Doc,80%
6950d123523fd4921a12eac906723480eb2d9ec5,2023-11-01T12:19:27Z,QC.Lic,100%
6950d123523fd4921a12eac906723480eb2d9ec5,2023-11-01T12:19:27Z,QC.Sec,0%
6950d123523fd4921a12eac906723480eb2d9ec5,2023-11-01T12:19:27Z,QC.Sty,0%
6950d123523fd4921a12eac906723480eb2d9ec5,2023-11-01T12:19:27Z,QC.Ver,33%
6950d123523fd4921a12eac906723480eb2d9ec5,2023-11-01T12:19:27Z,QC.Met,0%
99190811298a6269990cdb7b7cdf38747a5fd181,2023-11-01T12:25:41Z,QC.Acc,100%
99190811298a6269990cdb7b7cdf38747a5fd181,2023-11-01T12:25:41Z,QC.Doc,80%
99190811298a6269990cdb7b7cdf38747a5fd181,2023-11-01T12:25:41Z,QC.Lic,100%
99190811298a6269990cdb7b7cdf38747a5fd181,2023-11-01T12:25:41Z,QC.Sec,0%
99190811298a6269990cdb7b7cdf38747a5fd181,2023-11-01T12:25:41Z,QC.Sty,0%
99190811298a6269990cdb7b7cdf38747a5fd181,2023-11-01T12:25:41Z,QC.Ver,33%
99190811298a6269990cdb7b7cdf38747a5fd181,2023-11-01T12:25:41Z,QC.Met,0%
311f74d494e39f79d2392f974156ee38fb80c8e7,2023-11-01T12:34:19Z,QC.Acc,100%
311f74d494e39f79d2392f974156ee38fb80c8e7,2023-11-01T12:34:19Z,QC.Doc,80%
311f74d494e39f79d2392f974156ee38fb80c8e7,2023-11-01T12:34:19Z,QC.Lic,100%
311f74d494e39f79d2392f974156ee38fb80c8e7,2023-11-01T12:34:19Z,QC.Sec,0%
311f74d494e39f79d2392f974156ee38fb80c8e7,2023-11-01T12:34:19Z,QC.Sty,0%
311f74d494e39f79d2392f974156ee38fb80c8e7,2023-11-01T12:34:19Z,QC.Ver,33%
311f74d494e39f79d2392f974156ee38fb80c8e7,2023-11-01T12:34:19Z,QC.Met,0%
bf51bb99f48692e277841faf4e78f6aa0ad26926,2023-11-01T12:45:39Z,QC.Acc,100%
bf51bb99f48692e277841faf4e78f6aa0ad26926,2023-11-01T12:45:39Z,QC.Doc,80%
bf51bb99f48692e277841faf4e78f6aa0ad26926,2023-11-01T12:45:39Z,QC.Lic,100%
bf51bb99f48692e277841faf4e78f6aa0ad26926,2023-11-01T12:45:39Z,QC.Sec,0%
bf51bb99f48692e277841faf4e78f6aa0ad26926,2023-11-01T12:45:39Z,QC.Sty,0%
bf51bb99f48692e277841faf4e78f6aa0ad26926,2023-11-01T12:45:39Z,QC.Ver,33%
bf51bb99f48692e277841faf4e78f6aa0ad26926,2023-11-01T12:45:39Z,QC.Met,0%
626fb4e751f7a200f8956ba993dc919c1beac238,2023-11-01T12:49:04Z,QC.Acc,100%
626fb4e751f7a200f8956ba993dc919c1beac238,2023-11-01T12:49:04Z,QC.Doc,80%
626fb4e751f7a200f8956ba993dc919c1beac238,2023-11-01T12:49:04Z,QC.Lic,100%
626fb4e751f7a200f8956ba993dc919c1beac238,2023-11-01T12:49:04Z,QC.Sec,0%
626fb4e751f7a200f8956ba993dc919c1beac238,2023-11-01T12:49:04Z,QC.Sty,0%
626fb4e751f7a200f8956ba993dc919c1beac238,2023-11-01T12:49:04Z,QC.Ver,33%
626fb4e751f7a200f8956ba993dc919c1beac238,2023-11-01T12:49:04Z,QC.Met,0%
6c537d3fe8d92b1609d490fa8c69245ec7d27ab8,2023-11-08T13:25:09Z,QC.Acc,100%
6c537d3fe8d92b1609d490fa8c69245ec7d27ab8,2023-11-08T13:25:09Z,QC.Doc,80%
6c537d3fe8d92b1609d490fa8c69245ec7d27ab8,2023-11-08T13:25:09Z,QC.Lic,100%
6c537d3fe8d92b1609d490fa8c69245ec7d27ab8,2023-11-08T13:25:09Z,QC.Sec,0%
6c537d3fe8d92b1609d490fa8c69245ec7d27ab8,2023-11-08T13:25:09Z,QC.Sty,0%
6c537d3fe8d92b1609d490fa8c69245ec7d27ab8,2023-11-08T13:25:09Z,QC.Ver,33%
6c537d3fe8d92b1609d490fa8c69245ec7d27ab8,2023-11-08T13:25:09Z,QC.Met,0%
63a7aa07281ec8376f29e3343e4825d573ea5185,2023-11-08T14:11:53Z,QC.Acc,100%
63a7aa07281ec8376f29e3343e4825d573ea5185,2023-11-08T14:11:53Z,QC.Doc,80%
63a7aa07281ec8376f29e3343e4825d573ea5185,2023-11-08T14:11:53Z,QC.Lic,100%
63a7aa07281ec8376f29e3343e4825d573ea5185,2023-11-08T14:11:53Z,QC.Sec,0%
63a7aa07281ec8376f29e3343e4825d573ea5185,2023-11-08T14:11:53Z,QC.Sty,0%
63a7aa07281ec8376f29e3343e4825d573ea5185,2023-11-08T14:11:53Z,QC.Ver,33%
63a7aa07281ec8376f29e3343e4825d573ea5185,2023-11-08T14:11:53Z,QC.Met,0%
61c366630e4b5408bc1c7cb50574e02831ba0d2d,2023-11-08T15:23:01Z,QC.Acc,100%
61c366630e4b5408bc1c7cb50574e02831ba0d2d,2023-11-08T15:23:01Z,QC.Doc,80%
61c366630e4b5408bc1c7cb50574e02831ba0d2d,2023-11-08T15:23:01Z,QC.Lic,100%
61c366630e4b5408bc1c7cb50574e02831ba0d2d,2023-11-08T15:23:01Z,QC.Sec,0%
61c366630e4b5408bc1c7cb50574e02831ba0d2d,2023-11-08T15:23:01Z,QC.Sty,0%
61c366630e4b5408bc1c7cb50574e02831ba0d2d,2023-11-08T15:23:01Z,QC.Ver,33%
61c366630e4b5408bc1c7cb50574e02831ba0d2d,2023-11-08T15:23:01Z,QC.Met,0%
a2a9875f806461c51380328332e3c3a388cbb668,2023-11-08T16:37:01Z,QC.Acc,100%
a2a9875f806461c51380328332e3c3a388cbb668,2023-11-08T16:37:01Z,QC.Doc,80%
a2a9875f806461c51380328332e3c3a388cbb668,2023-11-08T16:37:01Z,QC.Lic,100%
a2a9875f806461c51380328332e3c3a388cbb668,2023-11-08T16:37:01Z,QC.Sec,0%
a2a9875f806461c51380328332e3c3a388cbb668,2023-11-08T16:37:01Z,QC.Sty,0%
a2a9875f806461c51380328332e3c3a388cbb668,2023-11-08T16:37:01Z,QC.Ver,33%
a2a9875f806461c51380328332e3c3a388cbb668,2023-11-08T16:37:01Z,QC.Met,0%
3bcc4103d02c29a9eda5aebc0130dc5af154833b,2023-11-08T16:53:40Z,QC.Acc,100%
3bcc4103d02c29a9eda5aebc0130dc5af154833b,2023-11-08T16:53:40Z,QC.Doc,80%
3bcc4103d02c29a9eda5aebc0130dc5af154833b,2023-11-08T16:53:40Z,QC.Lic,100%
3bcc4103d02c29a9eda5aebc0130dc5af154833b,2023-11-08T16:53:40Z,QC.Sec,0%
3bcc4103d02c29a9eda5aebc0130dc5af154833b,2023-11-08T16:53:40Z,QC.Sty,0%
3bcc4103d02c29a9eda5aebc0130dc5af154833b,2023-11-08T16:53:40Z,QC.Ver,33%
3bcc4103d02c29a9eda5aebc0130dc5af154833b,2023-11-08T16:53:40Z,QC.Met,0%
be0c115aa686b1277c930f6447f4e71d52e3f12a,2023-11-09T08:53:21Z,QC.Acc,100%
be0c115aa686b1277c930f6447f4e71d52e3f12a,2023-11-09T08:53:21Z,QC.Doc,80%
be0c115aa686b1277c930f6447f4e71d52e3f12a,2023-11-09T08:53:21Z,QC.Lic,100%
be0c115aa686b1277c930f6447f4e71d52e3f12a,2023-11-09T08:53:21Z,QC.Sec,0%
be0c115aa686b1277c930f6447f4e71d52e3f12a,2023-11-09T08:53:21Z,QC.Sty,0%
be0c115aa686b1277c930f6447f4e71d52e3f12a,2023-11-09T08:53:21Z,QC.Ver,33%
be0c115aa686b1277c930f6447f4e71d52e3f12a,2023-11-09T08:53:21Z,QC.Met,0%
dd95e5d5692d2ec0b5ec6a1d47b42733da7feff9,2023-11-09T09:18:16Z,QC.Acc,100%
dd95e5d5692d2ec0b5ec6a1d47b42733da7feff9,2023-11-09T09:18:16Z,QC.Doc,80%
dd95e5d5692d2ec0b5ec6a1d47b42733da7feff9,2023-11-09T09:18:16Z,QC.Lic,100%
dd95e5d5692d2ec0b5ec6a1d47b42733da7feff9,2023-11-09T09:18:16Z,QC.Sec,0%
dd95e5d5692d2ec0b5ec6a1d47b42733da7feff9,2023-11-09T09:18:16Z,QC.Sty,0%
dd95e5d5692d2ec0b5ec6a1d47b42733da7feff9,2023-11-09T09:18:16Z,QC.Ver,33%
dd95e5d5692d2ec0b5ec6a1d47b42733da7feff9,2023-11-09T09:18:16Z,QC.Met,0%
d5f78fd79533f516e917535ad47b13036a7db6c7,2023-11-09T09:20:00Z,QC.Acc,100%
d5f78fd79533f516e917535ad47b13036a7db6c7,2023-11-09T09:20:00Z,QC.Doc,80%
d5f78fd79533f516e917535ad47b13036a7db6c7,2023-11-09T09:20:00Z,QC.Lic,100%
d5f78fd79533f516e917535ad47b13036a7db6c7,2023-11-09T09:20:00Z,QC.Sec,0%
d5f78fd79533f516e917535ad47b13036a7db6c7,2023-11-09T09:20:00Z,QC.Sty,0%
d5f78fd79533f516e917535ad47b13036a7db6c7,2023-11-09T09:20:00Z,QC.Ver,33%
d5f78fd79533f516e917535ad47b13036a7db6c7,2023-11-09T09:20:00Z,QC.Met,0%
731557bd31dbb42dd49e27121d0bd22fabca4764,2023-11-09T09:35:26Z,QC.Acc,100%
731557bd31dbb42dd49e27121d0bd22fabca4764,2023-11-09T09:35:26Z,QC.Doc,80%
731557bd31dbb42dd49e27121d0bd22fabca4764,2023-11-09T09:35:26Z,QC.Lic,100%
731557bd31dbb42dd49e27121d0bd22fabca4764,2023-11-09T09:35:26Z,QC.Sec,0%
731557bd31dbb42dd49e27121d0bd22fabca4764,2023-11-09T09:35:26Z,QC.Sty,0%
731557bd31dbb42dd49e27121d0bd22fabca4764,2023-11-09T09:35:26Z,QC.Ver,33%
731557bd31dbb42dd49e27121d0bd22fabca4764,2023-11-09T09:35:26Z,QC.Met,0%
4f8fb9e9e1d5290b3724e2ac47f9c4ffe4b3b3f6,2023-11-09T09:47:38Z,QC.Acc,100%
4f8fb9e9e1d5290b3724e2ac47f9c4ffe4b3b3f6,2023-11-09T09:47:38Z,QC.Doc,80%
4f8fb9e9e1d5290b3724e2ac47f9c4ffe4b3b3f6,2023-11-09T09:47:38Z,QC.Lic,100%
4f8fb9e9e1d5290b3724e2ac47f9c4ffe4b3b3f6,2023-11-09T09:47:38Z,QC.Sec,0%
4f8fb9e9e1d5290b3724e2ac47f9c4ffe4b3b3f6,2023-11-09T09:47:38Z,QC.Sty,0%
4f8fb9e9e1d5290b3724e2ac47f9c4ffe4b3b3f6,2023-11-09T09:47:38Z,QC.Ver,33%
4f8fb9e9e1d5290b3724e2ac47f9c4ffe4b3b3f6,2023-11-09T09:47:38Z,QC.Met,0%
43df0317c531838b4d9115382187b828165e9971,2023-11-09T09:53:43Z,QC.Acc,100%
43df0317c531838b4d9115382187b828165e9971,2023-11-09T09:53:43Z,QC.Doc,80%
43df0317c531838b4d9115382187b828165e9971,2023-11-09T09:53:43Z,QC.Lic,100%
43df0317c531838b4d9115382187b828165e9971,2023-11-09T09:53:43Z,QC.Sec,0%
43df0317c531838b4d9115382187b828165e9971,2023-11-09T09:53:43Z,QC.Sty,0%
43df0317c531838b4d9115382187b828165e9971,2023-11-09T09:53:43Z,QC.Ver,33%
43df0317c531838b4d9115382187b828165e9971,2023-11-09T09:53:43Z,QC.Met,0%
28224c8e169938d06d1b576a2ba549f164335d44,2023-11-09T09:56:16Z,QC.Acc,100%
28224c8e169938d06d1b576a2ba549f164335d44,2023-11-09T09:56:16Z,QC.Doc,80%
28224c8e169938d06d1b576a2ba549f164335d44,2023-11-09T09:56:16Z,QC.Lic,100%
28224c8e169938d06d1b576a2ba549f164335d44,2023-11-09T09:56:16Z,QC.Sec,0%
28224c8e169938d06d1b576a2ba549f164335d44,2023-11-09T09:56:16Z,QC.Sty,0%
28224c8e169938d06d1b576a2ba549f164335d44,2023-11-09T09:56:16Z,QC.Ver,33%
28224c8e169938d06d1b576a2ba549f164335d44,2023-11-09T09:56:16Z,QC.Met,0%
39835ed15f0e912ce3041b1ac980c0e1c3f55a06,2023-11-09T10:02:47Z,QC.Acc,100%
39835ed15f0e912ce3041b1ac980c0e1c3f55a06,2023-11-09T10:02:47Z,QC.Doc,80%
39835ed15f0e912ce3041b1ac980c0e1c3f55a06,2023-11-09T10:02:47Z,QC.Lic,100%
39835ed15f0e912ce3041b1ac980c0e1c3f55a06,2023-11-09T10:02:47Z,QC.Sec,0%
39835ed15f0e912ce3041b1ac980c0e1c3f55a06,2023-11-09T10:02:47Z,QC.Sty,0%
39835ed15f0e912ce3041b1ac980c0e1c3f55a06,2023-11-09T10:02:47Z,QC.Ver,33%
39835ed15f0e912ce3041b1ac980c0e1c3f55a06,2023-11-09T10:02:47Z,QC.Met,0%
77d939e2dba603ecf62e5a9f752e6a0a5441efc8,2023-11-09T12:11:50Z,QC.Acc,100%
77d939e2dba603ecf62e5a9f752e6a0a5441efc8,2023-11-09T12:11:50Z,QC.Doc,80%
77d939e2dba603ecf62e5a9f752e6a0a5441efc8,2023-11-09T12:11:50Z,QC.Lic,100%
77d939e2dba603ecf62e5a9f752e6a0a5441efc8,2023-11-09T12:11:50Z,QC.Sec,0%
77d939e2dba603ecf62e5a9f752e6a0a5441efc8,2023-11-09T12:11:50Z,QC.Sty,0%
77d939e2dba603ecf62e5a9f752e6a0a5441efc8,2023-11-09T12:11:50Z,QC.Ver,33%
77d939e2dba603ecf62e5a9f752e6a0a5441efc8,2023-11-09T12:11:50Z,QC.Met,0%
b603b05e1667339f441d55785a98b37d40fbeb42,2023-11-09T12:23:29Z,QC.Acc,100%
b603b05e1667339f441d55785a98b37d40fbeb42,2023-11-09T12:23:29Z,QC.Doc,80%
b603b05e1667339f441d55785a98b37d40fbeb42,2023-11-09T12:23:29Z,QC.Lic,100%
b603b05e1667339f441d55785a98b37d40fbeb42,2023-11-09T12:23:29Z,QC.Sec,0%
b603b05e1667339f441d55785a98b37d40fbeb42,2023-11-09T12:23:29Z,QC.Sty,0%
b603b05e1667339f441d55785a98b37d40fbeb42,2023-11-09T12:23:29Z,QC.Ver,33%
b603b05e1667339f441d55785a98b37d40fbeb42,2023-11-09T12:23:29Z,QC.Met,0%
bee1317157b2ee3c858e1225b8858011c33d9f78,2023-11-09T12:27:46Z,QC.Acc,100%
bee1317157b2ee3c858e1225b8858011c33d9f78,2023-11-09T12:27:46Z,QC.Doc,80%
bee1317157b2ee3c858e1225b8858011c33d9f78,2023-11-09T12:27:46Z,QC.Lic,100%
bee1317157b2ee3c858e1225b8858011c33d9f78,2023-11-09T12:27:46Z,QC.Sec,0%
bee1317157b2ee3c858e1225b8858011c33d9f78,2023-11-09T12:27:46Z,QC.Sty,0%
bee1317157b2ee3c858e1225b8858011c33d9f78,2023-11-09T12:27:46Z,QC.Ver,33%
bee1317157b2ee3c858e1225b8858011c33d9f78,2023-11-09T12:27:46Z,QC.Met,0%
b6c3ee28b7a94f22b1c901282e4b73b3b0274185,2023-11-09T12:35:50Z,QC.Acc,100%
b6c3ee28b7a94f22b1c901282e4b73b3b0274185,2023-11-09T12:35:50Z,QC.Doc,80%
b6c3ee28b7a94f22b1c901282e4b73b3b0274185,2023-11-09T12:35:50Z,QC.Lic,100%
b6c3ee28b7a94f22b1c901282e4b73b3b0274185,2023-11-09T12:35:50Z,QC.Sec,0%
b6c3ee28b7a94f22b1c901282e4b73b3b0274185,2023-11-09T12:35:50Z,QC.Sty,0%
b6c3ee28b7a94f22b1c901282e4b73b3b0274185,2023-11-09T12:35:50Z,QC.Ver,33%
b6c3ee28b7a94f22b1c901282e4b73b3b0274185,2023-11-09T12:35:50Z,QC.Met,0%
466b15082ac62f08fedf609462d60c76182692e7,2023-11-09T12:46:22Z,QC.Acc,100%
466b15082ac62f08fedf609462d60c76182692e7,2023-11-09T12:46:22Z,QC.Doc,80%
466b15082ac62f08fedf609462d60c76182692e7,2023-11-09T12:46:22Z,QC.Lic,100%
466b15082ac62f08fedf609462d60c76182692e7,2023-11-09T12:46:22Z,QC.Sec,0%
466b15082ac62f08fedf609462d60c76182692e7,2023-11-09T12:46:22Z,QC.Sty,0%
466b15082ac62f08fedf609462d60c76182692e7,2023-11-09T12:46:22Z,QC.Ver,33%
466b15082ac62f08fedf609462d60c76182692e7,2023-11-09T12:46:22Z,QC.Met,0%
a814e65b553c682b9777aad8543c1263511c6f79,2023-11-09T13:11:00Z,QC.Acc,100%
a814e65b553c682b9777aad8543c1263511c6f79,2023-11-09T13:11:00Z,QC.Doc,80%
a814e65b553c682b9777aad8543c1263511c6f79,2023-11-09T13:11:00Z,QC.Lic,100%
a814e65b553c682b9777aad8543c1263511c6f79,2023-11-09T13:11:00Z,QC.Sec,0%
a814e65b553c682b9777aad8543c1263511c6f79,2023-11-09T13:11:00Z,QC.Sty,0%
a814e65b553c682b9777aad8543c1263511c6f79,2023-11-09T13:11:00Z,QC.Ver,33%
a814e65b553c682b9777aad8543c1263511c6f79,2023-11-09T13:11:00Z,QC.Met,0%
ca60e191ad33a12594685c5eae1db7c5e675c179,2023-11-09T13:18:23Z,QC.Acc,100%
ca60e191ad33a12594685c5eae1db7c5e675c179,2023-11-09T13:18:23Z,QC.Doc,80%
ca60e191ad33a12594685c5eae1db7c5e675c179,2023-11-09T13:18:23Z,QC.Lic,100%
ca60e191ad33a12594685c5eae1db7c5e675c179,2023-11-09T13:18:23Z,QC.Sec,0%
ca60e191ad33a12594685c5eae1db7c5e675c179,2023-11-09T13:18:23Z,QC.Sty,0%
ca60e191ad33a12594685c5eae1db7c5e675c179,2023-11-09T13:18:23Z,QC.Ver,33%
ca60e191ad33a12594685c5eae1db7c5e675c179,2023-11-09T13:18:23Z,QC.Met,0%
0935e83c2061090ada4bf112b3bd1b0b0b773678,2023-11-10T07:33:20Z,QC.Acc,100%
0935e83c2061090ada4bf112b3bd1b0b0b773678,2023-11-10T07:33:20Z,QC.Doc,80%
0935e83c2061090ada4bf112b3bd1b0b0b773678,2023-11-10T07:33:20Z,QC.Lic,100%
0935e83c2061090ada4bf112b3bd1b0b0b773678,2023-11-10T07:33:20Z,QC.Sec,0%
0935e83c2061090ada4bf112b3bd1b0b0b773678,2023-11-10T07:33:20Z,QC.Sty,0%
0935e83c2061090ada4bf112b3bd1b0b0b773678,2023-11-10T07:33:20Z,QC.Ver,33%
0935e83c2061090ada4bf112b3bd1b0b0b773678,2023-11-10T07:33:20Z,QC.Met,0%
b50c61029fe3cb2b27d98f7dcd81fb78bdfb699e,2023-11-15T13:06:46Z,QC.Acc,100%
b50c61029fe3cb2b27d98f7dcd81fb78bdfb699e,2023-11-15T13:06:46Z,QC.Doc,80%
b50c61029fe3cb2b27d98f7dcd81fb78bdfb699e,2023-11-15T13:06:46Z,QC.Lic,100%
b50c61029fe3cb2b27d98f7dcd81fb78bdfb699e,2023-11-15T13:06:46Z,QC.Sec,0%
b50c61029fe3cb2b27d98f7dcd81fb78bdfb699e,2023-11-15T13:06:46Z,QC.Sty,0%
b50c61029fe3cb2b27d98f7dcd81fb78bdfb699e,2023-11-15T13:06:46Z,QC.Ver,33%
b50c61029fe3cb2b27d98f7dcd81fb78bdfb699e,2023-11-15T13:06:46Z,QC.Met,0%
f244b603d5864ece37aaf0b927422155e653f0ed,2023-11-16T09:13:59Z,QC.Acc,100%
f244b603d5864ece37aaf0b927422155e653f0ed,2023-11-16T09:13:59Z,QC.Doc,80%
f244b603d5864ece37aaf0b927422155e653f0ed,2023-11-16T09:13:59Z,QC.Lic,100%
f244b603d5864ece37aaf0b927422155e653f0ed,2023-11-16T09:13:59Z,QC.Sec,0%
f244b603d5864ece37aaf0b927422155e653f0ed,2023-11-16T09:13:59Z,QC.Sty,0%
f244b603d5864ece37aaf0b927422155e653f0ed,2023-11-16T09:13:59Z,QC.Ver,33%
f244b603d5864ece37aaf0b927422155e653f0ed,2023-11-16T09:13:59Z,QC.Met,0%
2cedfe793c35176da1346b432f19481d6785da7d,2023-11-16T12:59:19Z,QC.Acc,100%
2cedfe793c35176da1346b432f19481d6785da7d,2023-11-16T12:59:19Z,QC.Doc,80%
2cedfe793c35176da1346b432f19481d6785da7d,2023-11-16T12:59:19Z,QC.Lic,100%
2cedfe793c35176da1346b432f19481d6785da7d,2023-11-16T12:59:19Z,QC.Sec,0%
2cedfe793c35176da1346b432f19481d6785da7d,2023-11-16T12:59:19Z,QC.Sty,0%
2cedfe793c35176da1346b432f19481d6785da7d,2023-11-16T12:59:19Z,QC.Ver,33%
2cedfe793c35176da1346b432f19481d6785da7d,2023-11-16T12:59:19Z,QC.Met,0%
1efba3f0a56f5c197d532743861939abcd27b52a,2023-11-16T15:17:13Z,QC.Met,0%
60ab87db1fba47900ba6e222a64eadb755e9524e,2023-11-16T17:38:35Z,QC.Met,0%
881ae47febec000f8e9d2588435a429a93c1d9f3,2023-11-16T17:43:30Z,QC.Met,0%
9ab6ec1498eaeac36bffc04805eea7a9c9f37fe8,2023-11-16T17:46:24Z,QC.Met,0%
e456b442059d70c17ff4c3121b18219a806d617d,2023-11-23T08:55:07Z,QC.Acc,100%
e456b442059d70c17ff4c3121b18219a806d617d,2023-11-23T08:55:07Z,QC.Doc,80%
e456b442059d70c17ff4c3121b18219a806d617d,2023-11-23T08:55:07Z,QC.Lic,100%
e456b442059d70c17ff4c3121b18219a806d617d,2023-11-23T08:55:07Z,QC.Sec,0%
e456b442059d70c17ff4c3121b18219a806d617d,2023-11-23T08:55:07Z,QC.Sty,0%
e456b442059d70c17ff4c3121b18219a806d617d,2023-11-23T08:55:07Z,QC.Ver,33%
e456b442059d70c17ff4c3121b18219a806d617d,2023-11-23T08:55:07Z,QC.Met,0%
59fd74b95719e7f04d55e5c32169e06a3f2f3532,2023-11-23T09:08:58Z,QC.Acc,100%
59fd74b95719e7f04d55e5c32169e06a3f2f3532,2023-11-23T09:08:58Z,QC.Doc,80%
59fd74b95719e7f04d55e5c32169e06a3f2f3532,2023-11-23T09:08:58Z,QC.Lic,100%
59fd74b95719e7f04d55e5c32169e06a3f2f3532,2023-11-23T09:08:58Z,QC.Sec,0%
59fd74b95719e7f04d55e5c32169e06a3f2f3532,2023-11-23T09:08:58Z,QC.Sty,0%
59fd74b95719e7f04d55e5c32169e06a3f2f3532,2023-11-23T09:08:58Z,QC.Ver,33%
59fd74b95719e7f04d55e5c32169e06a3f2f3532,2023-11-23T09:08:58Z,QC.Met,0%
8e19c62a261a0839bf89b43b773eb378461fc9ad,2023-11-23T09:10:41Z,QC.Acc,100%
8e19c62a261a0839bf89b43b773eb378461fc9ad,2023-11-23T09:10:41Z,QC.Doc,80%
8e19c62a261a0839bf89b43b773eb378461fc9ad,2023-11-23T09:10:41Z,QC.Lic,100%
8e19c62a261a0839bf89b43b773eb378461fc9ad,2023-11-23T09:10:41Z,QC.Sec,0%
8e19c62a261a0839bf89b43b773eb378461fc9ad,2023-11-23T09:10:41Z,QC.Sty,0%
8e19c62a261a0839bf89b43b773eb378461fc9ad,2023-11-23T09:10:41Z,QC.Ver,33%
8e19c62a261a0839bf89b43b773eb378461fc9ad,2023-11-23T09:10:41Z,QC.Met,0%
1db6c8733e01e53d5e70cf28d0dcf310a2a085c9,2023-11-23T10:15:33Z,QC.Acc,100%
1db6c8733e01e53d5e70cf28d0dcf310a2a085c9,2023-11-23T10:15:33Z,QC.Doc,80%
1db6c8733e01e53d5e70cf28d0dcf310a2a085c9,2023-11-23T10:15:33Z,QC.Lic,100%
1db6c8733e01e53d5e70cf28d0dcf310a2a085c9,2023-11-23T10:15:33Z,QC.Sec,0%
1db6c8733e01e53d5e70cf28d0dcf310a2a085c9,2023-11-23T10:15:33Z,QC.Sty,0%
1db6c8733e01e53d5e70cf28d0dcf310a2a085c9,2023-11-23T10:15:33Z,QC.Ver,33%
1db6c8733e01e53d5e70cf28d0dcf310a2a085c9,2023-11-23T10:15:33Z,QC.Met,0%
848ff2139839f24a0e33df27880b579a14c4dae4,2023-11-23T14:31:53Z,QC.Acc,100%
848ff2139839f24a0e33df27880b579a14c4dae4,2023-11-23T14:31:53Z,QC.Doc,80%
848ff2139839f24a0e33df27880b579a14c4dae4,2023-11-23T14:31:53Z,QC.Lic,100%
848ff2139839f24a0e33df27880b579a14c4dae4,2023-11-23T14:31:53Z,QC.Sec,0%
848ff2139839f24a0e33df27880b579a14c4dae4,2023-11-23T14:31:53Z,QC.Sty,0%
848ff2139839f24a0e33df27880b579a14c4dae4,2023-11-23T14:31:53Z,QC.Ver,33%
848ff2139839f24a0e33df27880b579a14c4dae4,2023-11-23T14:31:53Z,QC.Met,0%
b10de9150d7ac9803b72dc1d52ceec394eb0718e,2023-11-23T14:32:38Z,QC.Acc,100%
b10de9150d7ac9803b72dc1d52ceec394eb0718e,2023-11-23T14:32:38Z,QC.Doc,80%
b10de9150d7ac9803b72dc1d52ceec394eb0718e,2023-11-23T14:32:38Z,QC.Lic,100%
b10de9150d7ac9803b72dc1d52ceec394eb0718e,2023-11-23T14:32:38Z,QC.Sec,0%
b10de9150d7ac9803b72dc1d52ceec394eb0718e,2023-11-23T14:32:38Z,QC.Sty,0%
b10de9150d7ac9803b72dc1d52ceec394eb0718e,2023-11-23T14:32:38Z,QC.Ver,33%
b10de9150d7ac9803b72dc1d52ceec394eb0718e,2023-11-23T14:32:38Z,QC.Met,0%
fee45122dbb2152fc4786c714ddcd103900a805a,2023-11-23T14:42:38Z,QC.Acc,100%
fee45122dbb2152fc4786c714ddcd103900a805a,2023-11-23T14:42:38Z,QC.Doc,80%
fee45122dbb2152fc4786c714ddcd103900a805a,2023-11-23T14:42:38Z,QC.Lic,100%
fee45122dbb2152fc4786c714ddcd103900a805a,2023-11-23T14:42:38Z,QC.Sec,0%
fee45122dbb2152fc4786c714ddcd103900a805a,2023-11-23T14:42:38Z,QC.Sty,0%
fee45122dbb2152fc4786c714ddcd103900a805a,2023-11-23T14:42:38Z,QC.Ver,33%
fee45122dbb2152fc4786c714ddcd103900a805a,2023-11-23T14:42:38Z,QC.Met,0%
d3a2630aa8f19a545dea5c53f1ca66c926600c1b,2023-11-23T15:08:55Z,QC.Acc,100%
d3a2630aa8f19a545dea5c53f1ca66c926600c1b,2023-11-23T15:08:55Z,QC.Doc,80%
d3a2630aa8f19a545dea5c53f1ca66c926600c1b,2023-11-23T15:08:55Z,QC.Lic,100%
d3a2630aa8f19a545dea5c53f1ca66c926600c1b,2023-11-23T15:08:55Z,QC.Sec,0%
d3a2630aa8f19a545dea5c53f1ca66c926600c1b,2023-11-23T15:08:55Z,QC.Sty,0%
d3a2630aa8f19a545dea5c53f1ca66c926600c1b,2023-11-23T15:08:55Z,QC.Ver,33%
d3a2630aa8f19a545dea5c53f1ca66c926600c1b,2023-11-23T15:08:55Z,QC.Met,0%
33de0b4cab2865be113b6d09eae455dadb10c6d7,2023-11-23T15:25:17Z,QC.Acc,100%
33de0b4cab2865be113b6d09eae455dadb10c6d7,2023-11-23T15:25:17Z,QC.Doc,80%
33de0b4cab2865be113b6d09eae455dadb10c6d7,2023-11-23T15:25:17Z,QC.Lic,100%
33de0b4cab2865be113b6d09eae455dadb10c6d7,2023-11-23T15:25:17Z,QC.Sec,0%
33de0b4cab2865be113b6d09eae455dadb10c6d7,2023-11-23T15:25:17Z,QC.Sty,0%
33de0b4cab2865be113b6d09eae455dadb10c6d7,2023-11-23T15:25:17Z,QC.Ver,33%
33de0b4cab2865be113b6d09eae455dadb10c6d7,2023-11-23T15:25:17Z,QC.Met,0%
f2ccfae5b9415d7122fdd34362f805b301465f15,2023-11-23T16:03:01Z,QC.Acc,100%
f2ccfae5b9415d7122fdd34362f805b301465f15,2023-11-23T16:03:01Z,QC.Doc,80%
f2ccfae5b9415d7122fdd34362f805b301465f15,2023-11-23T16:03:01Z,QC.Lic,100%
f2ccfae5b9415d7122fdd34362f805b301465f15,2023-11-23T16:03:01Z,QC.Sec,0%
f2ccfae5b9415d7122fdd34362f805b301465f15,2023-11-23T16:03:01Z,QC.Sty,0%
f2ccfae5b9415d7122fdd34362f805b301465f15,2023-11-23T16:03:01Z,QC.Ver,33%
f2ccfae5b9415d7122fdd34362f805b301465f15,2023-11-23T16:03:01Z,QC.Met,0%
1af8ba758ba5ce5b75be3e851a4b3b8bad6f8f36,2023-11-23T17:18:37Z,QC.Acc,100%
1af8ba758ba5ce5b75be3e851a4b3b8bad6f8f36,2023-11-23T17:18:37Z,QC.Doc,80%
1af8ba758ba5ce5b75be3e851a4b3b8bad6f8f36,2023-11-23T17:18:37Z,QC.Lic,100%
1af8ba758ba5ce5b75be3e851a4b3b8bad6f8f36,2023-11-23T17:18:37Z,QC.Sec,0%
1af8ba758ba5ce5b75be3e851a4b3b8bad6f8f36,2023-11-23T17:18:37Z,QC.Sty,0%
1af8ba758ba5ce5b75be3e851a4b3b8bad6f8f36,2023-11-23T17:18:37Z,QC.Ver,33%
1af8ba758ba5ce5b75be3e851a4b3b8bad6f8f36,2023-11-23T17:18:37Z,QC.Met,0%
592bf383556036f23d074e16668e73f54ff2f258,2023-11-24T09:43:49Z,QC.Acc,100%
592bf383556036f23d074e16668e73f54ff2f258,2023-11-24T09:43:49Z,QC.Doc,80%
592bf383556036f23d074e16668e73f54ff2f258,2023-11-24T09:43:49Z,QC.Lic,100%
592bf383556036f23d074e16668e73f54ff2f258,2023-11-24T09:43:49Z,QC.Sec,0%
592bf383556036f23d074e16668e73f54ff2f258,2023-11-24T09:43:49Z,QC.Sty,0%
592bf383556036f23d074e16668e73f54ff2f258,2023-11-24T09:43:49Z,QC.Ver,33%
592bf383556036f23d074e16668e73f54ff2f258,2023-11-24T09:43:49Z,QC.Met,0%
e1df738304b6f07e9347f772760f3adfe17781f8,2023-11-24T13:25:54Z,QC.Acc,100%
e1df738304b6f07e9347f772760f3adfe17781f8,2023-11-24T13:25:54Z,QC.Doc,80%
e1df738304b6f07e9347f772760f3adfe17781f8,2023-11-24T13:25:54Z,QC.Lic,100%
e1df738304b6f07e9347f772760f3adfe17781f8,2023-11-24T13:25:54Z,QC.Sec,0%
e1df738304b6f07e9347f772760f3adfe17781f8,2023-11-24T13:25:54Z,QC.Sty,0%
e1df738304b6f07e9347f772760f3adfe17781f8,2023-11-24T13:25:54Z,QC.Ver,33%
e1df738304b6f07e9347f772760f3adfe17781f8,2023-11-24T13:25:54Z,QC.Met,0%
e5959eb7b85a6bfd4346eefdc52fd9a9483e968c,2023-11-24T13:44:30Z,QC.Acc,100%
e5959eb7b85a6bfd4346eefdc52fd9a9483e968c,2023-11-24T13:44:30Z,QC.Doc,80%
e5959eb7b85a6bfd4346eefdc52fd9a9483e968c,2023-11-24T13:44:30Z,QC.Lic,100%
e5959eb7b85a6bfd4346eefdc52fd9a9483e968c,2023-11-24T13:44:30Z,QC.Sec,0%
e5959eb7b85a6bfd4346eefdc52fd9a9483e968c,2023-11-24T13:44:30Z,QC.Sty,0%
e5959eb7b85a6bfd4346eefdc52fd9a9483e968c,2023-11-24T13:44:30Z,QC.Ver,33%
e5959eb7b85a6bfd4346eefdc52fd9a9483e968c,2023-11-24T13:44:30Z,QC.Met,0%
91a6ea1a6c52269be490666aae9063a0d9e4261f,2023-11-24T13:54:03Z,QC.Acc,100%
91a6ea1a6c52269be490666aae9063a0d9e4261f,2023-11-24T13:54:03Z,QC.Doc,80%
91a6ea1a6c52269be490666aae9063a0d9e4261f,2023-11-24T13:54:03Z,QC.Lic,100%
91a6ea1a6c52269be490666aae9063a0d9e4261f,2023-11-24T13:54:03Z,QC.Sec,0%
91a6ea1a6c52269be490666aae9063a0d9e4261f,2023-11-24T13:54:03Z,QC.Sty,0%
91a6ea1a6c52269be490666aae9063a0d9e4261f,2023-11-24T13:54:03Z,QC.Ver,33%
91a6ea1a6c52269be490666aae9063a0d9e4261f,2023-11-24T13:54:03Z,QC.Met,0%
1299b0cad22c96685bbf5a6533bf4df5ca27c493,2023-11-29T09:35:20Z,QC.Acc,100%
1299b0cad22c96685bbf5a6533bf4df5ca27c493,2023-11-29T09:35:20Z,QC.Doc,80%
1299b0cad22c96685bbf5a6533bf4df5ca27c493,2023-11-29T09:35:20Z,QC.Lic,100%
1299b0cad22c96685bbf5a6533bf4df5ca27c493,2023-11-29T09:35:20Z,QC.Sec,0%
1299b0cad22c96685bbf5a6533bf4df5ca27c493,2023-11-29T09:35:20Z,QC.Sty,0%
1299b0cad22c96685bbf5a6533bf4df5ca27c493,2023-11-29T09:35:20Z,QC.Ver,33%
1299b0cad22c96685bbf5a6533bf4df5ca27c493,2023-11-29T09:35:20Z,QC.Met,0%
fb8f16d8bc20e671c8133a9ea997aba82bd90169,2023-11-29T09:57:30Z,QC.Acc,100%
fb8f16d8bc20e671c8133a9ea997aba82bd90169,2023-11-29T09:57:30Z,QC.Doc,80%
fb8f16d8bc20e671c8133a9ea997aba82bd90169,2023-11-29T09:57:30Z,QC.Lic,100%
fb8f16d8bc20e671c8133a9ea997aba82bd90169,2023-11-29T09:57:30Z,QC.Sec,0%
fb8f16d8bc20e671c8133a9ea997aba82bd90169,2023-11-29T09:57:30Z,QC.Sty,0%
fb8f16d8bc20e671c8133a9ea997aba82bd90169,2023-11-29T09:57:30Z,QC.Ver,33%
fb8f16d8bc20e671c8133a9ea997aba82bd90169,2023-11-29T09:57:30Z,QC.Met,0%
c366e66833e847dcee6540667b87022a6d7745d7,2023-11-30T09:17:11Z,QC.Acc,100%
c366e66833e847dcee6540667b87022a6d7745d7,2023-11-30T09:17:11Z,QC.Doc,80%
c366e66833e847dcee6540667b87022a6d7745d7,2023-11-30T09:17:11Z,QC.Lic,100%
c366e66833e847dcee6540667b87022a6d7745d7,2023-11-30T09:17:11Z,QC.Sec,0%
c366e66833e847dcee6540667b87022a6d7745d7,2023-11-30T09:17:11Z,QC.Sty,0%
c366e66833e847dcee6540667b87022a6d7745d7,2023-11-30T09:17:11Z,QC.Ver,33%
c366e66833e847dcee6540667b87022a6d7745d7,2023-11-30T09:17:11Z,QC.Met,0%
a8f49bde980335321488958b4ed24a0b0ed2979b,2023-12-22T12:48:05Z,QC.Acc,100%
a8f49bde980335321488958b4ed24a0b0ed2979b,2023-12-22T12:48:05Z,QC.Doc,80%
a8f49bde980335321488958b4ed24a0b0ed2979b,2023-12-22T12:48:05Z,QC.Lic,100%
a8f49bde980335321488958b4ed24a0b0ed2979b,2023-12-22T12:48:05Z,QC.Sec,0%
a8f49bde980335321488958b4ed24a0b0ed2979b,2023-12-22T12:48:05Z,QC.Sty,0%
a8f49bde980335321488958b4ed24a0b0ed2979b,2023-12-22T12:48:05Z,QC.Ver,33%
a8f49bde980335321488958b4ed24a0b0ed2979b,2023-12-22T12:48:05Z,QC.Met,0%
a8f49bde980335321488958b4ed24a0b0ed2979b,2023-12-22T12:48:05Z,QC.Uni,0%
fc45759a19708e074c44ee8e41bea2507959fd9c,2024-03-20T20:46:44Z,QC.Acc,100%
fc45759a19708e074c44ee8e41bea2507959fd9c,2024-03-20T20:46:44Z,QC.Doc,80%
fc45759a19708e074c44ee8e41bea2507959fd9c,2024-03-20T20:46:44Z,QC.Lic,100%
fc45759a19708e074c44ee8e41bea2507959fd9c,2024-03-20T20:46:44Z,QC.Sec,0%
fc45759a19708e074c44ee8e41bea2507959fd9c,2024-03-20T20:46:44Z,QC.Sty,0%
fc45759a19708e074c44ee8e41bea2507959fd9c,2024-03-20T20:46:44Z,QC.Uni,0%
fc45759a19708e074c44ee8e41bea2507959fd9c,2024-03-20T20:46:44Z,QC.Ver,33%
fc45759a19708e074c44ee8e41bea2507959fd9c,2024-03-20T20:46:44Z,QC.Met,0%
61e742d66a3a5f7af5047f637889a7a6cb8b72ee,2024-03-21T11:35:31Z,QC.Acc,100%
61e742d66a3a5f7af5047f637889a7a6cb8b72ee,2024-03-21T11:35:31Z,QC.Doc,80%
61e742d66a3a5f7af5047f637889a7a6cb8b72ee,2024-03-21T11:35:31Z,QC.Lic,100%
61e742d66a3a5f7af5047f637889a7a6cb8b72ee,2024-03-21T11:35:31Z,QC.Sec,0%
61e742d66a3a5f7af5047f637889a7a6cb8b72ee,2024-03-21T11:35:31Z,QC.Sty,0%
61e742d66a3a5f7af5047f637889a7a6cb8b72ee,2024-03-21T11:35:31Z,QC.Uni,0%
61e742d66a3a5f7af5047f637889a7a6cb8b72ee,2024-03-21T11:35:31Z,QC.Ver,33%
61e742d66a3a5f7af5047f637889a7a6cb8b72ee,2024-03-21T11:35:31Z,QC.Met,0%
fd9186cc9fc9fcbe7ecef2b5c87ea948c55635df,2024-03-21T12:43:32Z,QC.Acc,100%
fd9186cc9fc9fcbe7ecef2b5c87ea948c55635df,2024-03-21T12:43:32Z,QC.Doc,80%
fd9186cc9fc9fcbe7ecef2b5c87ea948c55635df,2024-03-21T12:43:32Z,QC.Lic,100%
fd9186cc9fc9fcbe7ecef2b5c87ea948c55635df,2024-03-21T12:43:32Z,QC.Sec,0%
fd9186cc9fc9fcbe7ecef2b5c87ea948c55635df,2024-03-21T12:43:32Z,QC.Sty,0%
fd9186cc9fc9fcbe7ecef2b5c87ea948c55635df,2024-03-21T12:43:32Z,QC.Uni,0%
fd9186cc9fc9fcbe7ecef2b5c87ea948c55635df,2024-03-21T12:43:32Z,QC.Ver,33%
fd9186cc9fc9fcbe7ecef2b5c87ea948c55635df,2024-03-21T12:43:32Z,QC.Met,0%
cab0cbdb815562251ff028efe4d6d48261e3215a,2024-03-21T12:46:23Z,QC.Acc,100%
cab0cbdb815562251ff028efe4d6d48261e3215a,2024-03-21T12:46:23Z,QC.Doc,80%
cab0cbdb815562251ff028efe4d6d48261e3215a,2024-03-21T12:46:23Z,QC.Lic,100%
cab0cbdb815562251ff028efe4d6d48261e3215a,2024-03-21T12:46:23Z,QC.Sec,0%
cab0cbdb815562251ff028efe4d6d48261e3215a,2024-03-21T12:46:23Z,QC.Sty,0%
cab0cbdb815562251ff028efe4d6d48261e3215a,2024-03-21T12:46:23Z,QC.Uni,0%
cab0cbdb815562251ff028efe4d6d48261e3215a,2024-03-21T12:46:23Z,QC.Ver,33%
cab0cbdb815562251ff028efe4d6d48261e3215a,2024-03-21T12:46:23Z,QC.Met,0%
394e4e26af3b23b2a995f200929b5a1993f97310,2024-03-22T09:37:05Z,QC.Acc,100%
394e4e26af3b23b2a995f200929b5a1993f97310,2024-03-22T09:37:05Z,QC.Doc,80%
394e4e26af3b23b2a995f200929b5a1993f97310,2024-03-22T09:37:05Z,QC.Lic,100%
394e4e26af3b23b2a995f200929b5a1993f97310,2024-03-22T09:37:05Z,QC.Sec,0%
394e4e26af3b23b2a995f200929b5a1993f97310,2024-03-22T09:37:05Z,QC.Sty,0%
394e4e26af3b23b2a995f200929b5a1993f97310,2024-03-22T09:37:05Z,QC.Uni,0%
394e4e26af3b23b2a995f200929b5a1993f97310,2024-03-22T09:37:05Z,QC.Ver,33%
394e4e26af3b23b2a995f200929b5a1993f97310,2024-03-22T09:37:05Z,QC.Met,0%
628299b4a52edc9400ae25d30fe5d49a27a7b278,2024-03-22T11:57:29Z,QC.Acc,100%
628299b4a52edc9400ae25d30fe5d49a27a7b278,2024-03-22T11:57:29Z,QC.Doc,80%
628299b4a52edc9400ae25d30fe5d49a27a7b278,2024-03-22T11:57:29Z,QC.Lic,100%
628299b4a52edc9400ae25d30fe5d49a27a7b278,2024-03-22T11:57:29Z,QC.Sec,0%
628299b4a52edc9400ae25d30fe5d49a27a7b278,2024-03-22T11:57:29Z,QC.Sty,0%
628299b4a52edc9400ae25d30fe5d49a27a7b278,2024-03-22T11:57:29Z,QC.Uni,0%
628299b4a52edc9400ae25d30fe5d49a27a7b278,2024-03-22T11:57:29Z,QC.Ver,33%
628299b4a52edc9400ae25d30fe5d49a27a7b278,2024-03-22T11:57:29Z,QC.Met,0%
150bcef8786652f69b8a8b988540ff76dec10675,2024-03-22T13:30:00Z,QC.Acc,100%
150bcef8786652f69b8a8b988540ff76dec10675,2024-03-22T13:30:00Z,QC.Doc,80%
150bcef8786652f69b8a8b988540ff76dec10675,2024-03-22T13:30:00Z,QC.Lic,100%
150bcef8786652f69b8a8b988540ff76dec10675,2024-03-22T13:30:00Z,QC.Sec,0%
150bcef8786652f69b8a8b988540ff76dec10675,2024-03-22T13:30:00Z,QC.Sty,0%
150bcef8786652f69b8a8b988540ff76dec10675,2024-03-22T13:30:00Z,QC.Uni,0%
150bcef8786652f69b8a8b988540ff76dec10675,2024-03-22T13:30:00Z,QC.Ver,33%
150bcef8786652f69b8a8b988540ff76dec10675,2024-03-22T13:30:00Z,QC.Met,0%
e8c1ed6e43bbd957cee5aa8c68d27f9799319d68,2024-04-16T15:07:16Z,QC.Met,0%
bb84d13080b8c25574f4fb78ae554d33c7ab3168,2024-04-16T16:00:53Z,QC.Met,0%
6180b96521b3b90e78bff67063de3fe4e064af07,2024-04-16T16:48:26Z,QC.Met,0%
fb12fca682905c614f90ab208448f615283a50ca,2024-04-29T20:29:04Z,QC.Acc,100%
fb12fca682905c614f90ab208448f615283a50ca,2024-04-29T20:29:04Z,QC.Doc,80%
fb12fca682905c614f90ab208448f615283a50ca,2024-04-29T20:29:04Z,QC.Lic,100%
fb12fca682905c614f90ab208448f615283a50ca,2024-04-29T20:29:04Z,QC.Sec,0%
fb12fca682905c614f90ab208448f615283a50ca,2024-04-29T20:29:04Z,QC.Sty,0%
fb12fca682905c614f90ab208448f615283a50ca,2024-04-29T20:29:04Z,QC.Uni,0%
fb12fca682905c614f90ab208448f615283a50ca,2024-04-29T20:29:04Z,QC.Ver,33%
fb12fca682905c614f90ab208448f615283a50ca,2024-04-29T20:29:04Z,QC.Met,0%
2479d0dbe4db578eaacb0b559e62ec2559796675,2024-04-30T13:34:53Z,QC.Acc,100%
2479d0dbe4db578eaacb0b559e62ec2559796675,2024-04-30T13:34:53Z,QC.Doc,80%
2479d0dbe4db578eaacb0b559e62ec2559796675,2024-04-30T13:34:53Z,QC.Lic,100%
2479d0dbe4db578eaacb0b559e62ec2559796675,2024-04-30T13:34:53Z,QC.Sec,0%
2479d0dbe4db578eaacb0b559e62ec2559796675,2024-04-30T13:34:53Z,QC.Sty,0%
2479d0dbe4db578eaacb0b559e62ec2559796675,2024-04-30T13:34:53Z,QC.Uni,0%
2479d0dbe4db578eaacb0b559e62ec2559796675,2024-04-30T13:34:53Z,QC.Ver,33%
2479d0dbe4db578eaacb0b559e62ec2559796675,2024-04-30T13:34:53Z,QC.Met,0%
e052d1cb712be44ec38d55877776c8f9d16a74c4,2024-04-30T14:23:07Z,QC.Acc,100%
e052d1cb712be44ec38d55877776c8f9d16a74c4,2024-04-30T14:23:07Z,QC.Doc,80%
e052d1cb712be44ec38d55877776c8f9d16a74c4,2024-04-30T14:23:07Z,QC.Lic,100%
e052d1cb712be44ec38d55877776c8f9d16a74c4,2024-04-30T14:23:07Z,QC.Sec,0%
e052d1cb712be44ec38d55877776c8f9d16a74c4,2024-04-30T14:23:07Z,QC.Sty,0%
e052d1cb712be44ec38d55877776c8f9d16a74c4,2024-04-30T14:23:07Z,QC.Uni,0%
e052d1cb712be44ec38d55877776c8f9d16a74c4,2024-04-30T14:23:07Z,QC.Ver,33%
e052d1cb712be44ec38d55877776c8f9d16a74c4,2024-04-30T14:23:07Z,QC.Met,0%
a0064f4052bc384e84af8201ec4b3fcf6af4c0f2,2024-05-02T15:45:30Z,QC.Acc,100%
a0064f4052bc384e84af8201ec4b3fcf6af4c0f2,2024-05-02T15:45:30Z,QC.Doc,80%
a0064f4052bc384e84af8201ec4b3fcf6af4c0f2,2024-05-02T15:45:30Z,QC.Lic,100%
a0064f4052bc384e84af8201ec4b3fcf6af4c0f2,2024-05-02T15:45:30Z,QC.Sec,0%
a0064f4052bc384e84af8201ec4b3fcf6af4c0f2,2024-05-02T15:45:30Z,QC.Sty,0%
a0064f4052bc384e84af8201ec4b3fcf6af4c0f2,2024-05-02T15:45:30Z,QC.Uni,0%
a0064f4052bc384e84af8201ec4b3fcf6af4c0f2,2024-05-02T15:45:30Z,QC.Ver,33%
a0064f4052bc384e84af8201ec4b3fcf6af4c0f2,2024-05-02T15:45:30Z,QC.Met,0%
62f01cf0fd7c70c7dd18eee3e77ecd51cadc55f0,2024-05-07T15:56:38Z,QC.Acc,100%
62f01cf0fd7c70c7dd18eee3e77ecd51cadc55f0,2024-05-07T15:56:38Z,QC.Doc,80%
62f01cf0fd7c70c7dd18eee3e77ecd51cadc55f0,2024-05-07T15:56:38Z,QC.Lic,100%
62f01cf0fd7c70c7dd18eee3e77ecd51cadc55f0,2024-05-07T15:56:38Z,QC.Sec,0%
62f01cf0fd7c70c7dd18eee3e77ecd51cadc55f0,2024-05-07T15:56:38Z,QC.Sty,0%
62f01cf0fd7c70c7dd18eee3e77ecd51cadc55f0,2024-05-07T15:56:38Z,QC.Uni,0%
62f01cf0fd7c70c7dd18eee3e77ecd51cadc55f0,2024-05-07T15:56:38Z,QC.Ver,33%
62f01cf0fd7c70c7dd18eee3e77ecd51cadc55f0,2024-05-07T15:56:38Z,QC.Met,0%
814e755f061da545e6564b6e71f3b2e3688304ff,2024-05-08T09:08:34Z,QC.Acc,100%
814e755f061da545e6564b6e71f3b2e3688304ff,2024-05-08T09:08:34Z,QC.Doc,80%
814e755f061da545e6564b6e71f3b2e3688304ff,2024-05-08T09:08:34Z,QC.Lic,100%
814e755f061da545e6564b6e71f3b2e3688304ff,2024-05-08T09:08:34Z,QC.Sec,0%
814e755f061da545e6564b6e71f3b2e3688304ff,2024-05-08T09:08:34Z,QC.Sty,0%
814e755f061da545e6564b6e71f3b2e3688304ff,2024-05-08T09:08:34Z,QC.Uni,0%
814e755f061da545e6564b6e71f3b2e3688304ff,2024-05-08T09:08:34Z,QC.Ver,33%
814e755f061da545e6564b6e71f3b2e3688304ff,2024-05-08T09:08:34Z,QC.Met,0%
a6abe91f0c94a4cfc2a6133192ca95644f1e82ce,2024-05-28T11:57:47Z,QC.Acc,100%
a6abe91f0c94a4cfc2a6133192ca95644f1e82ce,2024-05-28T11:57:47Z,QC.Doc,80%
a6abe91f0c94a4cfc2a6133192ca95644f1e82ce,2024-05-28T11:57:47Z,QC.Lic,100%
a6abe91f0c94a4cfc2a6133192ca95644f1e82ce,2024-05-28T11:57:47Z,QC.Sec,0%
a6abe91f0c94a4cfc2a6133192ca95644f1e82ce,2024-05-28T11:57:47Z,QC.Sty,0%
a6abe91f0c94a4cfc2a6133192ca95644f1e82ce,2024-05-28T11:57:47Z,QC.Uni,0%
a6abe91f0c94a4cfc2a6133192ca95644f1e82ce,2024-05-28T11:57:47Z,QC.Ver,33%
a6abe91f0c94a4cfc2a6133192ca95644f1e82ce,2024-05-28T11:57:47Z,QC.Met,0%
87caba196227ba320cda05c8fbc2ecff2059680f,2024-05-29T17:42:35Z,QC.Acc,100%
87caba196227ba320cda05c8fbc2ecff2059680f,2024-05-29T17:42:35Z,QC.Doc,80%
87caba196227ba320cda05c8fbc2ecff2059680f,2024-05-29T17:42:35Z,QC.Lic,100%
87caba196227ba320cda05c8fbc2ecff2059680f,2024-05-29T17:42:35Z,QC.Sec,0%
87caba196227ba320cda05c8fbc2ecff2059680f,2024-05-29T17:42:35Z,QC.Sty,0%
87caba196227ba320cda05c8fbc2ecff2059680f,2024-05-29T17:42:35Z,QC.Uni,0%
87caba196227ba320cda05c8fbc2ecff2059680f,2024-05-29T17:42:35Z,QC.Ver,33%
87caba196227ba320cda05c8fbc2ecff2059680f,2024-05-29T17:42:35Z,QC.Met,0%
040bbfff399f861481c8ade9368106b87b54ea8b,2024-05-29T17:45:06Z,QC.Acc,100%
040bbfff399f861481c8ade9368106b87b54ea8b,2024-05-29T17:45:06Z,QC.Doc,80%
040bbfff399f861481c8ade9368106b87b54ea8b,2024-05-29T17:45:06Z,QC.Lic,100%
040bbfff399f861481c8ade9368106b87b54ea8b,2024-05-29T17:45:06Z,QC.Sec,0%
040bbfff399f861481c8ade9368106b87b54ea8b,2024-05-29T17:45:06Z,QC.Sty,0%
040bbfff399f861481c8ade9368106b87b54ea8b,2024-05-29T17:45:06Z,QC.Uni,0%
040bbfff399f861481c8ade9368106b87b54ea8b,2024-05-29T17:45:06Z,QC.Ver,33%
040bbfff399f861481c8ade9368106b87b54ea8b,2024-05-29T17:45:06Z,QC.Met,0%
8ad45d6f98758e3debd308edddeacfb182c3c235,2024-05-30T14:44:25Z,QC.Acc,100%
8ad45d6f98758e3debd308edddeacfb182c3c235,2024-05-30T14:44:25Z,QC.Doc,80%
8ad45d6f98758e3debd308edddeacfb182c3c235,2024-05-30T14:44:25Z,QC.Lic,100%
8ad45d6f98758e3debd308edddeacfb182c3c235,2024-05-30T14:44:25Z,QC.Sec,0%
8ad45d6f98758e3debd308edddeacfb182c3c235,2024-05-30T14:44:25Z,QC.Sty,0%
8ad45d6f98758e3debd308edddeacfb182c3c235,2024-05-30T14:44:25Z,QC.Uni,0%
8ad45d6f98758e3debd308edddeacfb182c3c235,2024-05-30T14:44:25Z,QC.Ver,33%
8ad45d6f98758e3debd308edddeacfb182c3c235,2024-05-30T14:44:25Z,QC.Met,0%
5f43ad232a7f398fd2a52ae7921d97089da538e3,2024-05-30T16:19:07Z,QC.Acc,100%
5f43ad232a7f398fd2a52ae7921d97089da538e3,2024-05-30T16:19:07Z,QC.Doc,80%
5f43ad232a7f398fd2a52ae7921d97089da538e3,2024-05-30T16:19:07Z,QC.Lic,100%
5f43ad232a7f398fd2a52ae7921d97089da538e3,2024-05-30T16:19:07Z,QC.Sec,0%
5f43ad232a7f398fd2a52ae7921d97089da538e3,2024-05-30T16:19:07Z,QC.Sty,0%
5f43ad232a7f398fd2a52ae7921d97089da538e3,2024-05-30T16:19:07Z,QC.Uni,0%
5f43ad232a7f398fd2a52ae7921d97089da538e3,2024-05-30T16:19:07Z,QC.Ver,33%
5f43ad232a7f398fd2a52ae7921d97089da538e3,2024-05-30T16:19:07Z,QC.Met,0%
e7fd28309505e7a919010397fb8105f52510d200,2024-05-31T09:39:00Z,QC.Acc,100%
e7fd28309505e7a919010397fb8105f52510d200,2024-05-31T09:39:00Z,QC.Doc,80%
e7fd28309505e7a919010397fb8105f52510d200,2024-05-31T09:39:00Z,QC.Lic,100%
e7fd28309505e7a919010397fb8105f52510d200,2024-05-31T09:39:00Z,QC.Sec,0%
e7fd28309505e7a919010397fb8105f52510d200,2024-05-31T09:39:00Z,QC.Sty,0%
e7fd28309505e7a919010397fb8105f52510d200,2024-05-31T09:39:00Z,QC.Uni,0%
e7fd28309505e7a919010397fb8105f52510d200,2024-05-31T09:39:00Z,QC.Ver,33%
e7fd28309505e7a919010397fb8105f52510d200,2024-05-31T09:39:00Z,QC.Met,0%
11f5a71eb9f30bf22bf65368430831a11b6494ca,2024-05-31T14:07:04Z,QC.Acc,100%
11f5a71eb9f30bf22bf65368430831a11b6494ca,2024-05-31T14:07:04Z,QC.Doc,80%
11f5a71eb9f30bf22bf65368430831a11b6494ca,2024-05-31T14:07:04Z,QC.Lic,100%
11f5a71eb9f30bf22bf65368430831a11b6494ca,2024-05-31T14:07:04Z,QC.Sec,0%
11f5a71eb9f30bf22bf65368430831a11b6494ca,2024-05-31T14:07:04Z,QC.Sty,0%
11f5a71eb9f30bf22bf65368430831a11b6494ca,2024-05-31T14:07:04Z,QC.Uni,0%
11f5a71eb9f30bf22bf65368430831a11b6494ca,2024-05-31T14:07:04Z,QC.Ver,33%
11f5a71eb9f30bf22bf65368430831a11b6494ca,2024-05-31T14:07:04Z,QC.Met,0%
eaf8825ca0ce7267a81f000fc2e3a6a633e67f5c,2024-05-31T14:58:56Z,QC.Acc,100%
eaf8825ca0ce7267a81f000fc2e3a6a633e67f5c,2024-05-31T14:58:56Z,QC.Doc,80%
eaf8825ca0ce7267a81f000fc2e3a6a633e67f5c,2024-05-31T14:58:56Z,QC.Lic,100%
eaf8825ca0ce7267a81f000fc2e3a6a633e67f5c,2024-05-31T14:58:56Z,QC.Sec,0%
eaf8825ca0ce7267a81f000fc2e3a6a633e67f5c,2024-05-31T14:58:56Z,QC.Sty,0%
eaf8825ca0ce7267a81f000fc2e3a6a633e67f5c,2024-05-31T14:58:56Z,QC.Uni,0%
eaf8825ca0ce7267a81f000fc2e3a6a633e67f5c,2024-05-31T14:58:56Z,QC.Ver,33%
eaf8825ca0ce7267a81f000fc2e3a6a633e67f5c,2024-05-31T14:58:56Z,QC.Met,0%
268fc832ef4362636943eedbbe3f14155d5d1fb2,2024-05-31T18:56:14Z,QC.Acc,100%
268fc832ef4362636943eedbbe3f14155d5d1fb2,2024-05-31T18:56:14Z,QC.Doc,80%
268fc832ef4362636943eedbbe3f14155d5d1fb2,2024-05-31T18:56:14Z,QC.Lic,100%
268fc832ef4362636943eedbbe3f14155d5d1fb2,2024-05-31T18:56:14Z,QC.Sec,0%
268fc832ef4362636943eedbbe3f14155d5d1fb2,2024-05-31T18:56:14Z,QC.Sty,0%
268fc832ef4362636943eedbbe3f14155d5d1fb2,2024-05-31T18:56:14Z,QC.Uni,0%
268fc832ef4362636943eedbbe3f14155d5d1fb2,2024-05-31T18:56:14Z,QC.Ver,33%
268fc832ef4362636943eedbbe3f14155d5d1fb2,2024-05-31T18:56:14Z,QC.Met,0%
848091e36a7708a6de256c3a33e4bdfdc11591f1,2024-05-31T19:15:20Z,QC.Acc,100%
848091e36a7708a6de256c3a33e4bdfdc11591f1,2024-05-31T19:15:20Z,QC.Doc,80%
848091e36a7708a6de256c3a33e4bdfdc11591f1,2024-05-31T19:15:20Z,QC.Lic,100%
848091e36a7708a6de256c3a33e4bdfdc11591f1,2024-05-31T19:15:20Z,QC.Sec,0%
848091e36a7708a6de256c3a33e4bdfdc11591f1,2024-05-31T19:15:20Z,QC.Sty,0%
848091e36a7708a6de256c3a33e4bdfdc11591f1,2024-05-31T19:15:20Z,QC.Uni,0%
848091e36a7708a6de256c3a33e4bdfdc11591f1,2024-05-31T19:15:20Z,QC.Ver,33%
848091e36a7708a6de256c3a33e4bdfdc11591f1,2024-05-31T19:15:20Z,QC.Met,0%
fbf05a3a8bd8dfb69033a6f981cc01e87076a339,2024-05-31T19:20:00Z,QC.Acc,100%
fbf05a3a8bd8dfb69033a6f981cc01e87076a339,2024-05-31T19:20:00Z,QC.Doc,80%
fbf05a3a8bd8dfb69033a6f981cc01e87076a339,2024-05-31T19:20:00Z,QC.Lic,100%
fbf05a3a8bd8dfb69033a6f981cc01e87076a339,2024-05-31T19:20:00Z,QC.Sec,0%
fbf05a3a8bd8dfb69033a6f981cc01e87076a339,2024-05-31T19:20:00Z,QC.Sty,0%
fbf05a3a8bd8dfb69033a6f981cc01e87076a339,2024-05-31T19:20:00Z,QC.Uni,0%
fbf05a3a8bd8dfb69033a6f981cc01e87076a339,2024-05-31T19:20:00Z,QC.Ver,33%
fbf05a3a8bd8dfb69033a6f981cc01e87076a339,2024-05-31T19:20:00Z,QC.Met,0%
f54b2fcc457b74f8431c8e3be64d43462d851cbd,2024-05-31T19:22:14Z,QC.Acc,100%
f54b2fcc457b74f8431c8e3be64d43462d851cbd,2024-05-31T19:22:14Z,QC.Doc,80%
f54b2fcc457b74f8431c8e3be64d43462d851cbd,2024-05-31T19:22:14Z,QC.Lic,100%
f54b2fcc457b74f8431c8e3be64d43462d851cbd,2024-05-31T19:22:14Z,QC.Sec,0%
f54b2fcc457b74f8431c8e3be64d43462d851cbd,2024-05-31T19:22:14Z,QC.Sty,0%
f54b2fcc457b74f8431c8e3be64d43462d851cbd,2024-05-31T19:22:14Z,QC.Uni,0%
f54b2fcc457b74f8431c8e3be64d43462d851cbd,2024-05-31T19:22:14Z,QC.Ver,33%
f54b2fcc457b74f8431c8e3be64d43462d851cbd,2024-05-31T19:22:14Z,QC.Met,0%
6b0c90fecacebec41b318ce80f67e10266defd0d,2024-06-01T10:28:13Z,QC.Acc,100%
6b0c90fecacebec41b318ce80f67e10266defd0d,2024-06-01T10:28:13Z,QC.Doc,80%
6b0c90fecacebec41b318ce80f67e10266defd0d,2024-06-01T10:28:13Z,QC.Lic,100%
6b0c90fecacebec41b318ce80f67e10266defd0d,2024-06-01T10:28:13Z,QC.Sec,0%
6b0c90fecacebec41b318ce80f67e10266defd0d,2024-06-01T10:28:13Z,QC.Sty,0%
6b0c90fecacebec41b318ce80f67e10266defd0d,2024-06-01T10:28:13Z,QC.Uni,0%
6b0c90fecacebec41b318ce80f67e10266defd0d,2024-06-01T10:28:13Z,QC.Ver,33%
6b0c90fecacebec41b318ce80f67e10266defd0d,2024-06-01T10:28:13Z,QC.Met,0%
ab1bb9749c33342921af691c8ecc765b903e7f15,2024-06-02T09:53:09Z,QC.Acc,100%
ab1bb9749c33342921af691c8ecc765b903e7f15,2024-06-02T09:53:09Z,QC.Doc,80%
ab1bb9749c33342921af691c8ecc765b903e7f15,2024-06-02T09:53:09Z,QC.Lic,100%
ab1bb9749c33342921af691c8ecc765b903e7f15,2024-06-02T09:53:09Z,QC.Sec,0%
ab1bb9749c33342921af691c8ecc765b903e7f15,2024-06-02T09:53:09Z,QC.Sty,0%
ab1bb9749c33342921af691c8ecc765b903e7f15,2024-06-02T09:53:09Z,QC.Uni,0%
ab1bb9749c33342921af691c8ecc765b903e7f15,2024-06-02T09:53:09Z,QC.Ver,33%
ab1bb9749c33342921af691c8ecc765b903e7f15,2024-06-02T09:53:09Z,QC.Met,0%
bef03a5b89695e3af39a193e341f57bcff633bdf,2024-06-06T11:54:15Z,QC.Acc,100%
bef03a5b89695e3af39a193e341f57bcff633bdf,2024-06-06T11:54:15Z,QC.Doc,80%
bef03a5b89695e3af39a193e341f57bcff633bdf,2024-06-06T11:54:15Z,QC.Lic,100%
bef03a5b89695e3af39a193e341f57bcff633bdf,2024-06-06T11:54:15Z,QC.Sec,0%
bef03a5b89695e3af39a193e341f57bcff633bdf,2024-06-06T11:54:15Z,QC.Sty,0%
bef03a5b89695e3af39a193e341f57bcff633bdf,2024-06-06T11:54:15Z,QC.Uni,0%
bef03a5b89695e3af39a193e341f57bcff633bdf,2024-06-06T11:54:15Z,QC.Ver,33%
bef03a5b89695e3af39a193e341f57bcff633bdf,2024-06-06T11:54:15Z,QC.Met,0%
9d65a6c48a0d7e639f75e4b88cfe6b21c424ef9b,2024-06-06T12:09:09Z,QC.Acc,100%
9d65a6c48a0d7e639f75e4b88cfe6b21c424ef9b,2024-06-06T12:09:09Z,QC.Doc,80%
9d65a6c48a0d7e639f75e4b88cfe6b21c424ef9b,2024-06-06T12:09:09Z,QC.Lic,100%
9d65a6c48a0d7e639f75e4b88cfe6b21c424ef9b,2024-06-06T12:09:09Z,QC.Sec,0%
9d65a6c48a0d7e639f75e4b88cfe6b21c424ef9b,2024-06-06T12:09:09Z,QC.Sty,0%
9d65a6c48a0d7e639f75e4b88cfe6b21c424ef9b,2024-06-06T12:09:09Z,QC.Uni,0%
9d65a6c48a0d7e639f75e4b88cfe6b21c424ef9b,2024-06-06T12:09:09Z,QC.Ver,33%
9d65a6c48a0d7e639f75e4b88cfe6b21c424ef9b,2024-06-06T12:09:09Z,QC.Met,0%
573a6713af07362c931d42ef9f70abf61a47f3fa,2024-06-06T12:18:24Z,QC.Acc,100%
573a6713af07362c931d42ef9f70abf61a47f3fa,2024-06-06T12:18:24Z,QC.Doc,80%
573a6713af07362c931d42ef9f70abf61a47f3fa,2024-06-06T12:18:24Z,QC.Lic,100%
573a6713af07362c931d42ef9f70abf61a47f3fa,2024-06-06T12:18:24Z,QC.Sec,0%
573a6713af07362c931d42ef9f70abf61a47f3fa,2024-06-06T12:18:24Z,QC.Sty,0%
573a6713af07362c931d42ef9f70abf61a47f3fa,2024-06-06T12:18:24Z,QC.Uni,0%
573a6713af07362c931d42ef9f70abf61a47f3fa,2024-06-06T12:18:24Z,QC.Ver,33%
573a6713af07362c931d42ef9f70abf61a47f3fa,2024-06-06T12:18:24Z,QC.Met,0%
ff94c99bcf7f244f7533e2be14796077b5af938a,2024-06-06T13:47:25Z,QC.Acc,100%
ff94c99bcf7f244f7533e2be14796077b5af938a,2024-06-06T13:47:25Z,QC.Doc,80%
ff94c99bcf7f244f7533e2be14796077b5af938a,2024-06-06T13:47:25Z,QC.Lic,100%
ff94c99bcf7f244f7533e2be14796077b5af938a,2024-06-06T13:47:25Z,QC.Sec,0%
ff94c99bcf7f244f7533e2be14796077b5af938a,2024-06-06T13:47:25Z,QC.Sty,0%
ff94c99bcf7f244f7533e2be14796077b5af938a,2024-06-06T13:47:25Z,QC.Uni,0%
ff94c99bcf7f244f7533e2be14796077b5af938a,2024-06-06T13:47:25Z,QC.Ver,33%
ff94c99bcf7f244f7533e2be14796077b5af938a,2024-06-06T13:47:25Z,QC.Met,0%
3c060560c106197308bea27d0c20012e88da301e,2024-06-06T15:43:07Z,QC.Acc,100%
3c060560c106197308bea27d0c20012e88da301e,2024-06-06T15:43:07Z,QC.Doc,80%
3c060560c106197308bea27d0c20012e88da301e,2024-06-06T15:43:07Z,QC.Lic,100%
3c060560c106197308bea27d0c20012e88da301e,2024-06-06T15:43:07Z,QC.Sec,0%
3c060560c106197308bea27d0c20012e88da301e,2024-06-06T15:43:07Z,QC.Sty,0%
3c060560c106197308bea27d0c20012e88da301e,2024-06-06T15:43:07Z,QC.Uni,0%
3c060560c106197308bea27d0c20012e88da301e,2024-06-06T15:43:07Z,QC.Ver,33%
3c060560c106197308bea27d0c20012e88da301e,2024-06-06T15:43:07Z,QC.Met,0%
204ab582d5a571fa2906fb2d60db33ca46af3788,2024-06-06T15:46:07Z,QC.Acc,100%
204ab582d5a571fa2906fb2d60db33ca46af3788,2024-06-06T15:46:07Z,QC.Doc,80%
204ab582d5a571fa2906fb2d60db33ca46af3788,2024-06-06T15:46:07Z,QC.Lic,100%
204ab582d5a571fa2906fb2d60db33ca46af3788,2024-06-06T15:46:07Z,QC.Sec,0%
204ab582d5a571fa2906fb2d60db33ca46af3788,2024-06-06T15:46:07Z,QC.Sty,0%
204ab582d5a571fa2906fb2d60db33ca46af3788,2024-06-06T15:46:07Z,QC.Uni,0%
204ab582d5a571fa2906fb2d60db33ca46af3788,2024-06-06T15:46:07Z,QC.Ver,33%
204ab582d5a571fa2906fb2d60db33ca46af3788,2024-06-06T15:46:07Z,QC.Met,0%
2ebac3b300dec7d07af49d64564512edbfa004ec,2024-06-06T16:21:55Z,QC.Acc,100%
2ebac3b300dec7d07af49d64564512edbfa004ec,2024-06-06T16:21:55Z,QC.Doc,80%
2ebac3b300dec7d07af49d64564512edbfa004ec,2024-06-06T16:21:55Z,QC.Lic,100%
2ebac3b300dec7d07af49d64564512edbfa004ec,2024-06-06T16:21:55Z,QC.Sec,0%
2ebac3b300dec7d07af49d64564512edbfa004ec,2024-06-06T16:21:55Z,QC.Sty,0%
2ebac3b300dec7d07af49d64564512edbfa004ec,2024-06-06T16:21:55Z,QC.Uni,0%
2ebac3b300dec7d07af49d64564512edbfa004ec,2024-06-06T16:21:55Z,QC.Ver,33%
2ebac3b300dec7d07af49d64564512edbfa004ec,2024-06-06T16:21:55Z,QC.Met,0%
17c8e94c0998bbf4f60570f704929c4e47211876,2024-06-06T16:30:12Z,QC.Acc,100%
17c8e94c0998bbf4f60570f704929c4e47211876,2024-06-06T16:30:12Z,QC.Doc,80%
17c8e94c0998bbf4f60570f704929c4e47211876,2024-06-06T16:30:12Z,QC.Lic,100%
17c8e94c0998bbf4f60570f704929c4e47211876,2024-06-06T16:30:12Z,QC.Sec,0%
17c8e94c0998bbf4f60570f704929c4e47211876,2024-06-06T16:30:12Z,QC.Sty,0%
17c8e94c0998bbf4f60570f704929c4e47211876,2024-06-06T16:30:12Z,QC.Uni,0%
17c8e94c0998bbf4f60570f704929c4e47211876,2024-06-06T16:30:12Z,QC.Ver,33%
17c8e94c0998bbf4f60570f704929c4e47211876,2024-06-06T16:30:12Z,QC.Met,0%
f656fa3d2592c92af5f756a96165e7c6c3be3757,2024-06-07T09:42:46Z,QC.Acc,100%
f656fa3d2592c92af5f756a96165e7c6c3be3757,2024-06-07T09:42:46Z,QC.Doc,80%
f656fa3d2592c92af5f756a96165e7c6c3be3757,2024-06-07T09:42:46Z,QC.Lic,100%
f656fa3d2592c92af5f756a96165e7c6c3be3757,2024-06-07T09:42:46Z,QC.Sec,0%
f656fa3d2592c92af5f756a96165e7c6c3be3757,2024-06-07T09:42:46Z,QC.Sty,0%
f656fa3d2592c92af5f756a96165e7c6c3be3757,2024-06-07T09:42:46Z,QC.Uni,0%
f656fa3d2592c92af5f756a96165e7c6c3be3757,2024-06-07T09:42:46Z,QC.Ver,33%
f656fa3d2592c92af5f756a96165e7c6c3be3757,2024-06-07T09:42:46Z,QC.Met,0%
1a77bb129cd7c853ffa0b751c1d7e65cce7c36e2,2024-06-07T11:07:49Z,QC.Acc,100%
1a77bb129cd7c853ffa0b751c1d7e65cce7c36e2,2024-06-07T11:07:49Z,QC.Doc,80%
1a77bb129cd7c853ffa0b751c1d7e65cce7c36e2,2024-06-07T11:07:49Z,QC.Lic,100%
1a77bb129cd7c853ffa0b751c1d7e65cce7c36e2,2024-06-07T11:07:49Z,QC.Sec,0%
1a77bb129cd7c853ffa0b751c1d7e65cce7c36e2,2024-06-07T11:07:49Z,QC.Sty,0%
1a77bb129cd7c853ffa0b751c1d7e65cce7c36e2,2024-06-07T11:07:49Z,QC.Uni,0%
1a77bb129cd7c853ffa0b751c1d7e65cce7c36e2,2024-06-07T11:07:49Z,QC.Ver,33%
1a77bb129cd7c853ffa0b751c1d7e65cce7c36e2,2024-06-07T11:07:49Z,QC.Met,0%
d38f7f3895b9a96f6a96b12d619b0173f1b07b63,2024-06-07T11:57:04Z,QC.Acc,100%
d38f7f3895b9a96f6a96b12d619b0173f1b07b63,2024-06-07T11:57:04Z,QC.Doc,80%
d38f7f3895b9a96f6a96b12d619b0173f1b07b63,2024-06-07T11:57:04Z,QC.Lic,100%
d38f7f3895b9a96f6a96b12d619b0173f1b07b63,2024-06-07T11:57:04Z,QC.Sec,0%
d38f7f3895b9a96f6a96b12d619b0173f1b07b63,2024-06-07T11:57:04Z,QC.Sty,0%
d38f7f3895b9a96f6a96b12d619b0173f1b07b63,2024-06-07T11:57:04Z,QC.Uni,0%
d38f7f3895b9a96f6a96b12d619b0173f1b07b63,2024-06-07T11:57:04Z,QC.Ver,33%
d38f7f3895b9a96f6a96b12d619b0173f1b07b63,2024-06-07T11:57:04Z,QC.Met,0%
a5b016816d91bd2e166c532b7341c02a438d3d94,2024-06-07T12:44:32Z,QC.Acc,100%
a5b016816d91bd2e166c532b7341c02a438d3d94,2024-06-07T12:44:32Z,QC.Doc,80%
a5b016816d91bd2e166c532b7341c02a438d3d94,2024-06-07T12:44:32Z,QC.Lic,100%
a5b016816d91bd2e166c532b7341c02a438d3d94,2024-06-07T12:44:32Z,QC.Sec,0%
a5b016816d91bd2e166c532b7341c02a438d3d94,2024-06-07T12:44:32Z,QC.Sty,0%
a5b016816d91bd2e166c532b7341c02a438d3d94,2024-06-07T12:44:32Z,QC.Uni,0%
a5b016816d91bd2e166c532b7341c02a438d3d94,2024-06-07T12:44:32Z,QC.Ver,33%
a5b016816d91bd2e166c532b7341c02a438d3d94,2024-06-07T12:44:32Z,QC.Met,0%
479c73d803206b340181f0cd637a95d1b8979c70,2024-06-11T07:53:14Z,QC.Met,0%
53c822f6f8edd3e9c0a00c922bbb5d87d256014b,2024-06-11T07:59:54Z,QC.Acc,100%
53c822f6f8edd3e9c0a00c922bbb5d87d256014b,2024-06-11T07:59:54Z,QC.Doc,80%
53c822f6f8edd3e9c0a00c922bbb5d87d256014b,2024-06-11T07:59:54Z,QC.Lic,100%
53c822f6f8edd3e9c0a00c922bbb5d87d256014b,2024-06-11T07:59:54Z,QC.Sec,0%
53c822f6f8edd3e9c0a00c922bbb5d87d256014b,2024-06-11T07:59:54Z,QC.Sty,0%
53c822f6f8edd3e9c0a00c922bbb5d87d256014b,2024-06-11T07:59:54Z,QC.Uni,0%
53c822f6f8edd3e9c0a00c922bbb5d87d256014b,2024-06-11T07:59:54Z,QC.Ver,33%
53c822f6f8edd3e9c0a00c922bbb5d87d256014b,2024-06-11T07:59:54Z,QC.Met,0%
bb2e5ff742485923dec40c259698c7246e43e415,2024-06-11T08:50:22Z,QC.Acc,100%
bb2e5ff742485923dec40c259698c7246e43e415,2024-06-11T08:50:22Z,QC.Doc,80%
bb2e5ff742485923dec40c259698c7246e43e415,2024-06-11T08:50:22Z,QC.Lic,100%
bb2e5ff742485923dec40c259698c7246e43e415,2024-06-11T08:50:22Z,QC.Sec,0%
bb2e5ff742485923dec40c259698c7246e43e415,2024-06-11T08:50:22Z,QC.Sty,0%
bb2e5ff742485923dec40c259698c7246e43e415,2024-06-11T08:50:22Z,QC.Uni,0%
bb2e5ff742485923dec40c259698c7246e43e415,2024-06-11T08:50:22Z,QC.Ver,33%
bb2e5ff742485923dec40c259698c7246e43e415,2024-06-11T08:50:22Z,QC.Met,0%
802fb7b0a65cd35e3c353084e4010f96220d3b3d,2024-06-11T11:58:34Z,QC.Acc,100%
802fb7b0a65cd35e3c353084e4010f96220d3b3d,2024-06-11T11:58:34Z,QC.Doc,80%
802fb7b0a65cd35e3c353084e4010f96220d3b3d,2024-06-11T11:58:34Z,QC.Lic,100%
802fb7b0a65cd35e3c353084e4010f96220d3b3d,2024-06-11T11:58:34Z,QC.Sec,0%
802fb7b0a65cd35e3c353084e4010f96220d3b3d,2024-06-11T11:58:34Z,QC.Sty,0%
802fb7b0a65cd35e3c353084e4010f96220d3b3d,2024-06-11T11:58:34Z,QC.Uni,0%
802fb7b0a65cd35e3c353084e4010f96220d3b3d,2024-06-11T11:58:34Z,QC.Ver,33%
802fb7b0a65cd35e3c353084e4010f96220d3b3d,2024-06-11T11:58:34Z,QC.Met,0%
96fd2f5659001703bf150adbd6d83f68b29456c0,2024-06-11T12:09:05Z,QC.Acc,100%
96fd2f5659001703bf150adbd6d83f68b29456c0,2024-06-11T12:09:05Z,QC.Doc,80%
96fd2f5659001703bf150adbd6d83f68b29456c0,2024-06-11T12:09:05Z,QC.Lic,100%
96fd2f5659001703bf150adbd6d83f68b29456c0,2024-06-11T12:09:05Z,QC.Sec,0%
96fd2f5659001703bf150adbd6d83f68b29456c0,2024-06-11T12:09:05Z,QC.Sty,0%
96fd2f5659001703bf150adbd6d83f68b29456c0,2024-06-11T12:09:05Z,QC.Uni,0%
96fd2f5659001703bf150adbd6d83f68b29456c0,2024-06-11T12:09:05Z,QC.Ver,33%
96fd2f5659001703bf150adbd6d83f68b29456c0,2024-06-11T12:09:05Z,QC.Met,0%
be3ec87c7086dc738a6f5ef0c6b7f4c5a0b38f3b,2024-06-11T14:15:12Z,QC.Acc,100%
be3ec87c7086dc738a6f5ef0c6b7f4c5a0b38f3b,2024-06-11T14:15:12Z,QC.Doc,80%
be3ec87c7086dc738a6f5ef0c6b7f4c5a0b38f3b,2024-06-11T14:15:12Z,QC.Lic,100%
be3ec87c7086dc738a6f5ef0c6b7f4c5a0b38f3b,2024-06-11T14:15:12Z,QC.Sec,0%
be3ec87c7086dc738a6f5ef0c6b7f4c5a0b38f3b,2024-06-11T14:15:12Z,QC.Sty,0%
be3ec87c7086dc738a6f5ef0c6b7f4c5a0b38f3b,2024-06-11T14:15:12Z,QC.Uni,0%
be3ec87c7086dc738a6f5ef0c6b7f4c5a0b38f3b,2024-06-11T14:15:12Z,QC.Ver,33%
be3ec87c7086dc738a6f5ef0c6b7f4c5a0b38f3b,2024-06-11T14:15:12Z,QC.Met,0%
3335d7e599833f254a1c357b14dc9e387b68a8db,2024-06-11T14:27:10Z,QC.Acc,100%
3335d7e599833f254a1c357b14dc9e387b68a8db,2024-06-11T14:27:10Z,QC.Doc,80%
3335d7e599833f254a1c357b14dc9e387b68a8db,2024-06-11T14:27:10Z,QC.Lic,100%
3335d7e599833f254a1c357b14dc9e387b68a8db,2024-06-11T14:27:10Z,QC.Sec,0%
3335d7e599833f254a1c357b14dc9e387b68a8db,2024-06-11T14:27:10Z,QC.Sty,0%
3335d7e599833f254a1c357b14dc9e387b68a8db,2024-06-11T14:27:10Z,QC.Uni,0%
3335d7e599833f254a1c357b14dc9e387b68a8db,2024-06-11T14:27:10Z,QC.Ver,33%
3335d7e599833f254a1c357b14dc9e387b68a8db,2024-06-11T14:27:10Z,QC.Met,0%
fd45f057058bed5b400c658255cc7ff073f8034b,2024-06-12T07:35:59Z,QC.Acc,100%
fd45f057058bed5b400c658255cc7ff073f8034b,2024-06-12T07:35:59Z,QC.Doc,80%
fd45f057058bed5b400c658255cc7ff073f8034b,2024-06-12T07:35:59Z,QC.Lic,100%
fd45f057058bed5b400c658255cc7ff073f8034b,2024-06-12T07:35:59Z,QC.Sec,0%
fd45f057058bed5b400c658255cc7ff073f8034b,2024-06-12T07:35:59Z,QC.Sty,0%
fd45f057058bed5b400c658255cc7ff073f8034b,2024-06-12T07:35:59Z,QC.Uni,0%
fd45f057058bed5b400c658255cc7ff073f8034b,2024-06-12T07:35:59Z,QC.Ver,33%
fd45f057058bed5b400c658255cc7ff073f8034b,2024-06-12T07:35:59Z,QC.Met,0%
6e46b28de4ba82ad71caddfe9d717b09a818e287,2024-06-13T08:01:12Z,QC.Acc,100%
6e46b28de4ba82ad71caddfe9d717b09a818e287,2024-06-13T08:01:12Z,QC.Doc,80%
6e46b28de4ba82ad71caddfe9d717b09a818e287,2024-06-13T08:01:12Z,QC.Lic,100%
6e46b28de4ba82ad71caddfe9d717b09a818e287,2024-06-13T08:01:12Z,QC.Sec,0%
6e46b28de4ba82ad71caddfe9d717b09a818e287,2024-06-13T08:01:12Z,QC.Sty,0%
6e46b28de4ba82ad71caddfe9d717b09a818e287,2024-06-13T08:01:12Z,QC.Uni,0%
6e46b28de4ba82ad71caddfe9d717b09a818e287,2024-06-13T08:01:12Z,QC.Ver,33%
6e46b28de4ba82ad71caddfe9d717b09a818e287,2024-06-13T08:01:12Z,QC.Met,0%
40865372a244ef4217eab083221207da6a1054f4,2024-06-13T08:14:39Z,QC.Acc,100%
40865372a244ef4217eab083221207da6a1054f4,2024-06-13T08:14:39Z,QC.Doc,80%
40865372a244ef4217eab083221207da6a1054f4,2024-06-13T08:14:39Z,QC.Lic,100%
40865372a244ef4217eab083221207da6a1054f4,2024-06-13T08:14:39Z,QC.Met,100%
40865372a244ef4217eab083221207da6a1054f4,2024-06-13T08:14:39Z,QC.Sec,0%
40865372a244ef4217eab083221207da6a1054f4,2024-06-13T08:14:39Z,QC.Sty,0%
40865372a244ef4217eab083221207da6a1054f4,2024-06-13T08:14:39Z,QC.Uni,0%
40865372a244ef4217eab083221207da6a1054f4,2024-06-13T08:14:39Z,QC.Ver,33%
07f487ca8fc3cbe3a6ea5c928cec2e2e0a798f26,2024-06-13T08:31:14Z,QC.Acc,100%
07f487ca8fc3cbe3a6ea5c928cec2e2e0a798f26,2024-06-13T08:31:14Z,QC.Doc,80%
07f487ca8fc3cbe3a6ea5c928cec2e2e0a798f26,2024-06-13T08:31:14Z,QC.Lic,100%
07f487ca8fc3cbe3a6ea5c928cec2e2e0a798f26,2024-06-13T08:31:14Z,QC.Met,100%
07f487ca8fc3cbe3a6ea5c928cec2e2e0a798f26,2024-06-13T08:31:14Z,QC.Sec,0%
07f487ca8fc3cbe3a6ea5c928cec2e2e0a798f26,2024-06-13T08:31:14Z,QC.Sty,0%
07f487ca8fc3cbe3a6ea5c928cec2e2e0a798f26,2024-06-13T08:31:14Z,QC.Uni,0%
07f487ca8fc3cbe3a6ea5c928cec2e2e0a798f26,2024-06-13T08:31:14Z,QC.Ver,33%
1c86c0ee059ac2e4d1b5da02ece0e71e5f312139,2024-06-24T15:06:06Z,QC.Acc,100%
1c86c0ee059ac2e4d1b5da02ece0e71e5f312139,2024-06-24T15:06:06Z,QC.Doc,80%
1c86c0ee059ac2e4d1b5da02ece0e71e5f312139,2024-06-24T15:06:06Z,QC.Lic,100%
1c86c0ee059ac2e4d1b5da02ece0e71e5f312139,2024-06-24T15:06:06Z,QC.Met,100%
1c86c0ee059ac2e4d1b5da02ece0e71e5f312139,2024-06-24T15:06:06Z,QC.Sec,0%
1c86c0ee059ac2e4d1b5da02ece0e71e5f312139,2024-06-24T15:06:06Z,QC.Sty,0%
1c86c0ee059ac2e4d1b5da02ece0e71e5f312139,2024-06-24T15:06:06Z,QC.Uni,0%
1c86c0ee059ac2e4d1b5da02ece0e71e5f312139,2024-06-24T15:06:06Z,QC.Ver,33%
bcc0b5d91742c1d92dd62d983a8315986a07743c,2024-06-28T11:21:05Z,QC.Acc,100%
bcc0b5d91742c1d92dd62d983a8315986a07743c,2024-06-28T11:21:05Z,QC.Doc,80%
bcc0b5d91742c1d92dd62d983a8315986a07743c,2024-06-28T11:21:05Z,QC.Lic,100%
bcc0b5d91742c1d92dd62d983a8315986a07743c,2024-06-28T11:21:05Z,QC.Met,100%
bcc0b5d91742c1d92dd62d983a8315986a07743c,2024-06-28T11:21:05Z,QC.Sec,0%
bcc0b5d91742c1d92dd62d983a8315986a07743c,2024-06-28T11:21:05Z,QC.Sty,0%
bcc0b5d91742c1d92dd62d983a8315986a07743c,2024-06-28T11:21:05Z,QC.Uni,0%
bcc0b5d91742c1d92dd62d983a8315986a07743c,2024-06-28T11:21:05Z,QC.Ver,33%
19a91d88423cc811fb08031bd18383caaa454311,2024-06-30T14:51:25Z,QC.Acc,100%
19a91d88423cc811fb08031bd18383caaa454311,2024-06-30T14:51:25Z,QC.Doc,80%
19a91d88423cc811fb08031bd18383caaa454311,2024-06-30T14:51:25Z,QC.Lic,100%
19a91d88423cc811fb08031bd18383caaa454311,2024-06-30T14:51:25Z,QC.Met,100%
19a91d88423cc811fb08031bd18383caaa454311,2024-06-30T14:51:25Z,QC.Sec,100%
19a91d88423cc811fb08031bd18383caaa454311,2024-06-30T14:51:25Z,QC.Sty,0%
19a91d88423cc811fb08031bd18383caaa454311,2024-06-30T14:51:25Z,QC.Uni,0%
19a91d88423cc811fb08031bd18383caaa454311,2024-06-30T14:51:25Z,QC.Ver,33%
c8bc75be1a55d24494d91bd2d2b1a3822994674e,2024-07-02T17:05:12Z,QC.Acc,100%
c8bc75be1a55d24494d91bd2d2b1a3822994674e,2024-07-02T17:05:12Z,QC.Doc,80%
c8bc75be1a55d24494d91bd2d2b1a3822994674e,2024-07-02T17:05:12Z,QC.Lic,100%
c8bc75be1a55d24494d91bd2d2b1a3822994674e,2024-07-02T17:05:12Z,QC.Met,100%
c8bc75be1a55d24494d91bd2d2b1a3822994674e,2024-07-02T17:05:12Z,QC.Sec,100%
c8bc75be1a55d24494d91bd2d2b1a3822994674e,2024-07-02T17:05:12Z,QC.Sty,0%
c8bc75be1a55d24494d91bd2d2b1a3822994674e,2024-07-02T17:05:12Z,QC.Uni,0%
c8bc75be1a55d24494d91bd2d2b1a3822994674e,2024-07-02T17:05:12Z,QC.Ver,33%
212d94a0fa200af24230b1987a0a66df60901291,2024-07-02T18:46:21Z,QC.Acc,100%
212d94a0fa200af24230b1987a0a66df60901291,2024-07-02T18:46:21Z,QC.Doc,80%
212d94a0fa200af24230b1987a0a66df60901291,2024-07-02T18:46:21Z,QC.Lic,100%
212d94a0fa200af24230b1987a0a66df60901291,2024-07-02T18:46:21Z,QC.Met,100%
212d94a0fa200af24230b1987a0a66df60901291,2024-07-02T18:46:21Z,QC.Sec,100%
212d94a0fa200af24230b1987a0a66df60901291,2024-07-02T18:46:21Z,QC.Sty,0%
212d94a0fa200af24230b1987a0a66df60901291,2024-07-02T18:46:21Z,QC.Uni,0%
212d94a0fa200af24230b1987a0a66df60901291,2024-07-02T18:46:21Z,QC.Ver,33%
028f492d2d4765851d56f59a3030825b2b28696e,2024-07-03T06:55:53Z,QC.Acc,100%
028f492d2d4765851d56f59a3030825b2b28696e,2024-07-03T06:55:53Z,QC.Doc,80%
028f492d2d4765851d56f59a3030825b2b28696e,2024-07-03T06:55:53Z,QC.Lic,100%
028f492d2d4765851d56f59a3030825b2b28696e,2024-07-03T06:55:53Z,QC.Met,100%
028f492d2d4765851d56f59a3030825b2b28696e,2024-07-03T06:55:53Z,QC.Sec,100%
028f492d2d4765851d56f59a3030825b2b28696e,2024-07-03T06:55:53Z,QC.Sty,0%
028f492d2d4765851d56f59a3030825b2b28696e,2024-07-03T06:55:53Z,QC.Uni,0%
028f492d2d4765851d56f59a3030825b2b28696e,2024-07-03T06:55:53Z,QC.Ver,33%
73b338aab0797269f2899bdb98a4fe68f4ce0d12,2024-07-03T07:04:31Z,QC.Acc,100%
73b338aab0797269f2899bdb98a4fe68f4ce0d12,2024-07-03T07:04:31Z,QC.Doc,80%
73b338aab0797269f2899bdb98a4fe68f4ce0d12,2024-07-03T07:04:31Z,QC.Lic,100%
73b338aab0797269f2899bdb98a4fe68f4ce0d12,2024-07-03T07:04:31Z,QC.Met,100%
73b338aab0797269f2899bdb98a4fe68f4ce0d12,2024-07-03T07:04:31Z,QC.Sec,100%
73b338aab0797269f2899bdb98a4fe68f4ce0d12,2024-07-03T07:04:31Z,QC.Sty,0%
73b338aab0797269f2899bdb98a4fe68f4ce0d12,2024-07-03T07:04:31Z,QC.Uni,0%
73b338aab0797269f2899bdb98a4fe68f4ce0d12,2024-07-03T07:04:31Z,QC.Ver,33%
dcde121667ba42277b096171ab59fd5711b54efc,2024-07-03T10:06:45Z,QC.Acc,100%
dcde121667ba42277b096171ab59fd5711b54efc,2024-07-03T10:06:45Z,QC.Doc,80%
dcde121667ba42277b096171ab59fd5711b54efc,2024-07-03T10:06:45Z,QC.Lic,100%
dcde121667ba42277b096171ab59fd5711b54efc,2024-07-03T10:06:45Z,QC.Met,100%
dcde121667ba42277b096171ab59fd5711b54efc,2024-07-03T10:06:45Z,QC.Sec,100%
dcde121667ba42277b096171ab59fd5711b54efc,2024-07-03T10:06:45Z,QC.Sty,0%
dcde121667ba42277b096171ab59fd5711b54efc,2024-07-03T10:06:45Z,QC.Uni,0%
dcde121667ba42277b096171ab59fd5711b54efc,2024-07-03T10:06:45Z,QC.Ver,33%
482a4f69761fb0f7a9706b980ad60c2c94bed0a9,2024-07-03T12:40:50Z,QC.Acc,100%
482a4f69761fb0f7a9706b980ad60c2c94bed0a9,2024-07-03T12:40:50Z,QC.Doc,80%
482a4f69761fb0f7a9706b980ad60c2c94bed0a9,2024-07-03T12:40:50Z,QC.Lic,100%
482a4f69761fb0f7a9706b980ad60c2c94bed0a9,2024-07-03T12:40:50Z,QC.Met,100%
482a4f69761fb0f7a9706b980ad60c2c94bed0a9,2024-07-03T12:40:50Z,QC.Sec,100%
482a4f69761fb0f7a9706b980ad60c2c94bed0a9,2024-07-03T12:40:50Z,QC.Sty,0%
482a4f69761fb0f7a9706b980ad60c2c94bed0a9,2024-07-03T12:40:50Z,QC.Uni,0%
482a4f69761fb0f7a9706b980ad60c2c94bed0a9,2024-07-03T12:40:50Z,QC.Ver,33%
01b2ae90abfe8974e7b8e2523b8ca5004eb3f596,2024-07-03T13:13:18Z,QC.Acc,100%
01b2ae90abfe8974e7b8e2523b8ca5004eb3f596,2024-07-03T13:13:18Z,QC.Doc,80%
01b2ae90abfe8974e7b8e2523b8ca5004eb3f596,2024-07-03T13:13:18Z,QC.Lic,100%
01b2ae90abfe8974e7b8e2523b8ca5004eb3f596,2024-07-03T13:13:18Z,QC.Met,100%
01b2ae90abfe8974e7b8e2523b8ca5004eb3f596,2024-07-03T13:13:18Z,QC.Sec,100%
01b2ae90abfe8974e7b8e2523b8ca5004eb3f596,2024-07-03T13:13:18Z,QC.Sty,0%
01b2ae90abfe8974e7b8e2523b8ca5004eb3f596,2024-07-03T13:13:18Z,QC.Uni,0%
01b2ae90abfe8974e7b8e2523b8ca5004eb3f596,2024-07-03T13:13:18Z,QC.Ver,33%
7162e11107f369d91c22e0b24a15a7eef9af939f,2024-07-03T13:15:11Z,QC.Acc,100%
7162e11107f369d91c22e0b24a15a7eef9af939f,2024-07-03T13:15:11Z,QC.Doc,80%
7162e11107f369d91c22e0b24a15a7eef9af939f,2024-07-03T13:15:11Z,QC.Lic,100%
7162e11107f369d91c22e0b24a15a7eef9af939f,2024-07-03T13:15:11Z,QC.Met,100%
7162e11107f369d91c22e0b24a15a7eef9af939f,2024-07-03T13:15:11Z,QC.Sec,100%
7162e11107f369d91c22e0b24a15a7eef9af939f,2024-07-03T13:15:11Z,QC.Sty,0%
7162e11107f369d91c22e0b24a15a7eef9af939f,2024-07-03T13:15:11Z,QC.Uni,0%
7162e11107f369d91c22e0b24a15a7eef9af939f,2024-07-03T13:15:11Z,QC.Ver,33%
b7edfbea4a0429ca4137a61934134e2dfefbf8f0,2024-07-03T16:40:15Z,QC.Acc,100%
b7edfbea4a0429ca4137a61934134e2dfefbf8f0,2024-07-03T16:40:15Z,QC.Doc,80%
b7edfbea4a0429ca4137a61934134e2dfefbf8f0,2024-07-03T16:40:15Z,QC.Lic,100%
b7edfbea4a0429ca4137a61934134e2dfefbf8f0,2024-07-03T16:40:15Z,QC.Met,100%
b7edfbea4a0429ca4137a61934134e2dfefbf8f0,2024-07-03T16:40:15Z,QC.Sec,100%
b7edfbea4a0429ca4137a61934134e2dfefbf8f0,2024-07-03T16:40:15Z,QC.Sty,0%
b7edfbea4a0429ca4137a61934134e2dfefbf8f0,2024-07-03T16:40:15Z,QC.Uni,0%
b7edfbea4a0429ca4137a61934134e2dfefbf8f0,2024-07-03T16:40:15Z,QC.Ver,33%
cf868ac49abacbeb25cd89e2b83c925b3a98a474,2024-07-04T09:14:28Z,QC.Acc,100%
cf868ac49abacbeb25cd89e2b83c925b3a98a474,2024-07-04T09:14:28Z,QC.Doc,80%
cf868ac49abacbeb25cd89e2b83c925b3a98a474,2024-07-04T09:14:28Z,QC.Lic,100%
cf868ac49abacbeb25cd89e2b83c925b3a98a474,2024-07-04T09:14:28Z,QC.Met,100%
cf868ac49abacbeb25cd89e2b83c925b3a98a474,2024-07-04T09:14:28Z,QC.Sec,100%
cf868ac49abacbeb25cd89e2b83c925b3a98a474,2024-07-04T09:14:28Z,QC.Sty,0%
cf868ac49abacbeb25cd89e2b83c925b3a98a474,2024-07-04T09:14:28Z,QC.Uni,0%
cf868ac49abacbeb25cd89e2b83c925b3a98a474,2024-07-04T09:14:28Z,QC.Ver,33%
1e616430ab308d294f56a1a70db6a7eab5063333,2024-07-10T11:22:27Z,QC.Acc,100%
1e616430ab308d294f56a1a70db6a7eab5063333,2024-07-10T11:22:27Z,QC.Doc,80%
1e616430ab308d294f56a1a70db6a7eab5063333,2024-07-10T11:22:27Z,QC.Lic,100%
1e616430ab308d294f56a1a70db6a7eab5063333,2024-07-10T11:22:27Z,QC.Met,100%
1e616430ab308d294f56a1a70db6a7eab5063333,2024-07-10T11:22:27Z,QC.Sec,100%
1e616430ab308d294f56a1a70db6a7eab5063333,2024-07-10T11:22:27Z,QC.Sty,0%
1e616430ab308d294f56a1a70db6a7eab5063333,2024-07-10T11:22:27Z,QC.Uni,0%
1e616430ab308d294f56a1a70db6a7eab5063333,2024-07-10T11:22:27Z,QC.Ver,33%
ae89f130656cd2662c2a78f62c1132e3eb561634,2024-07-18T12:17:15Z,QC.Acc,100%
ae89f130656cd2662c2a78f62c1132e3eb561634,2024-07-18T12:17:15Z,QC.Doc,80%
ae89f130656cd2662c2a78f62c1132e3eb561634,2024-07-18T12:17:15Z,QC.Lic,100%
ae89f130656cd2662c2a78f62c1132e3eb561634,2024-07-18T12:17:15Z,QC.Met,100%
ae89f130656cd2662c2a78f62c1132e3eb561634,2024-07-18T12:17:15Z,QC.Sec,100%
ae89f130656cd2662c2a78f62c1132e3eb561634,2024-07-18T12:17:15Z,QC.Sty,0%
ae89f130656cd2662c2a78f62c1132e3eb561634,2024-07-18T12:17:15Z,QC.Uni,0%
ae89f130656cd2662c2a78f62c1132e3eb561634,2024-07-18T12:17:15Z,QC.Ver,33%
9ebf38928b877f0fbcd5e02d113427f9370c52ee,2024-07-24T09:15:13Z,QC.Acc,100%
9ebf38928b877f0fbcd5e02d113427f9370c52ee,2024-07-24T09:15:13Z,QC.Doc,80%
9ebf38928b877f0fbcd5e02d113427f9370c52ee,2024-07-24T09:15:13Z,QC.Lic,100%
9ebf38928b877f0fbcd5e02d113427f9370c52ee,2024-07-24T09:15:13Z,QC.Met,100%
9ebf38928b877f0fbcd5e02d113427f9370c52ee,2024-07-24T09:15:13Z,QC.Sec,100%
9ebf38928b877f0fbcd5e02d113427f9370c52ee,2024-07-24T09:15:13Z,QC.Sty,0%
9ebf38928b877f0fbcd5e02d113427f9370c52ee,2024-07-24T09:15:13Z,QC.Uni,0%
9ebf38928b877f0fbcd5e02d113427f9370c52ee,2024-07-24T09:15:13Z,QC.Ver,33%
6869ba813a00b98673a816f65b9c63e8e2012e57,2024-07-24T12:31:18Z,QC.Acc,100%
6869ba813a00b98673a816f65b9c63e8e2012e57,2024-07-24T12:31:18Z,QC.Doc,80%
6869ba813a00b98673a816f65b9c63e8e2012e57,2024-07-24T12:31:18Z,QC.Lic,100%
6869ba813a00b98673a816f65b9c63e8e2012e57,2024-07-24T12:31:18Z,QC.Met,100%
6869ba813a00b98673a816f65b9c63e8e2012e57,2024-07-24T12:31:18Z,QC.Sec,100%
6869ba813a00b98673a816f65b9c63e8e2012e57,2024-07-24T12:31:18Z,QC.Sty,0%
6869ba813a00b98673a816f65b9c63e8e2012e57,2024-07-24T12:31:18Z,QC.Uni,0%
6869ba813a00b98673a816f65b9c63e8e2012e57,2024-07-24T12:31:18Z,QC.Ver,33%
72145599a399da3cad8372c49e89dd6e3f7a7c01,2024-07-24T12:32:48Z,QC.Acc,100%
72145599a399da3cad8372c49e89dd6e3f7a7c01,2024-07-24T12:32:48Z,QC.Doc,80%
72145599a399da3cad8372c49e89dd6e3f7a7c01,2024-07-24T12:32:48Z,QC.Lic,100%
72145599a399da3cad8372c49e89dd6e3f7a7c01,2024-07-24T12:32:48Z,QC.Met,100%
72145599a399da3cad8372c49e89dd6e3f7a7c01,2024-07-24T12:32:48Z,QC.Sec,100%
72145599a399da3cad8372c49e89dd6e3f7a7c01,2024-07-24T12:32:48Z,QC.Sty,0%
72145599a399da3cad8372c49e89dd6e3f7a7c01,2024-07-24T12:32:48Z,QC.Uni,0%
72145599a399da3cad8372c49e89dd6e3f7a7c01,2024-07-24T12:32:48Z,QC.Ver,33%
56e892e11f7000ff09a03c813b725f3858070034,2024-07-25T07:38:10Z,QC.Acc,100%
56e892e11f7000ff09a03c813b725f3858070034,2024-07-25T07:38:10Z,QC.Doc,80%
56e892e11f7000ff09a03c813b725f3858070034,2024-07-25T07:38:10Z,QC.Lic,100%
56e892e11f7000ff09a03c813b725f3858070034,2024-07-25T07:38:10Z,QC.Met,100%
56e892e11f7000ff09a03c813b725f3858070034,2024-07-25T07:38:10Z,QC.Sec,100%
56e892e11f7000ff09a03c813b725f3858070034,2024-07-25T07:38:10Z,QC.Sty,0%
56e892e11f7000ff09a03c813b725f3858070034,2024-07-25T07:38:10Z,QC.Uni,0%
56e892e11f7000ff09a03c813b725f3858070034,2024-07-25T07:38:10Z,QC.Ver,33%
5aa216126c0bda4e9d4210388e06f2d2d376f256,2024-07-25T13:31:55Z,QC.Acc,100%
5aa216126c0bda4e9d4210388e06f2d2d376f256,2024-07-25T13:31:55Z,QC.Doc,80%
5aa216126c0bda4e9d4210388e06f2d2d376f256,2024-07-25T13:31:55Z,QC.Lic,100%
5aa216126c0bda4e9d4210388e06f2d2d376f256,2024-07-25T13:31:55Z,QC.Met,100%
5aa216126c0bda4e9d4210388e06f2d2d376f256,2024-07-25T13:31:55Z,QC.Sec,100%
5aa216126c0bda4e9d4210388e06f2d2d376f256,2024-07-25T13:31:55Z,QC.Sty,0%
5aa216126c0bda4e9d4210388e06f2d2d376f256,2024-07-25T13:31:55Z,QC.Uni,0%
5aa216126c0bda4e9d4210388e06f2d2d376f256,2024-07-25T13:31:55Z,QC.Ver,33%
656fb133a8751a7e4a6dcee65dde0ec67ec192c5,2024-08-02T12:13:23Z,QC.Acc,100%
656fb133a8751a7e4a6dcee65dde0ec67ec192c5,2024-08-02T12:13:23Z,QC.Doc,80%
656fb133a8751a7e4a6dcee65dde0ec67ec192c5,2024-08-02T12:13:23Z,QC.Lic,100%
656fb133a8751a7e4a6dcee65dde0ec67ec192c5,2024-08-02T12:13:23Z,QC.Met,100%
656fb133a8751a7e4a6dcee65dde0ec67ec192c5,2024-08-02T12:13:23Z,QC.Sec,100%
656fb133a8751a7e4a6dcee65dde0ec67ec192c5,2024-08-02T12:13:23Z,QC.Sty,0%
656fb133a8751a7e4a6dcee65dde0ec67ec192c5,2024-08-02T12:13:23Z,QC.Uni,0%
656fb133a8751a7e4a6dcee65dde0ec67ec192c5,2024-08-02T12:13:23Z,QC.Ver,33%
c3b1b84c5469a85c43c25f4db6b74de19bd891ca,2024-08-27T12:07:51Z,QC.Acc,100%
c3b1b84c5469a85c43c25f4db6b74de19bd891ca,2024-08-27T12:07:51Z,QC.Doc,80%
c3b1b84c5469a85c43c25f4db6b74de19bd891ca,2024-08-27T12:07:51Z,QC.Lic,100%
c3b1b84c5469a85c43c25f4db6b74de19bd891ca,2024-08-27T12:07:51Z,QC.Met,100%
c3b1b84c5469a85c43c25f4db6b74de19bd891ca,2024-08-27T12:07:51Z,QC.Sec,100%
c3b1b84c5469a85c43c25f4db6b74de19bd891ca,2024-08-27T12:07:51Z,QC.Sty,0%
c3b1b84c5469a85c43c25f4db6b74de19bd891ca,2024-08-27T12:07:51Z,QC.Uni,0%
c3b1b84c5469a85c43c25f4db6b74de19bd891ca,2024-08-27T12:07:51Z,QC.Ver,33%
3b8add8144f1372af01b76783ffa7aefd9de3cff,2024-08-27T12:15:12Z,QC.Acc,100%
3b8add8144f1372af01b76783ffa7aefd9de3cff,2024-08-27T12:15:12Z,QC.Doc,80%
3b8add8144f1372af01b76783ffa7aefd9de3cff,2024-08-27T12:15:12Z,QC.Lic,100%
3b8add8144f1372af01b76783ffa7aefd9de3cff,2024-08-27T12:15:12Z,QC.Met,100%
3b8add8144f1372af01b76783ffa7aefd9de3cff,2024-08-27T12:15:12Z,QC.Sec,100%
3b8add8144f1372af01b76783ffa7aefd9de3cff,2024-08-27T12:15:12Z,QC.Sty,0%
3b8add8144f1372af01b76783ffa7aefd9de3cff,2024-08-27T12:15:12Z,QC.Uni,0%
3b8add8144f1372af01b76783ffa7aefd9de3cff,2024-08-27T12:15:12Z,QC.Ver,33%
af2567e6cab53ec5f28e9a37055191d7995eef63,2024-08-30T12:15:09Z,QC.Acc,100%
af2567e6cab53ec5f28e9a37055191d7995eef63,2024-08-30T12:15:09Z,QC.Doc,80%
af2567e6cab53ec5f28e9a37055191d7995eef63,2024-08-30T12:15:09Z,QC.Lic,100%
af2567e6cab53ec5f28e9a37055191d7995eef63,2024-08-30T12:15:09Z,QC.Met,100%
af2567e6cab53ec5f28e9a37055191d7995eef63,2024-08-30T12:15:09Z,QC.Sec,100%
af2567e6cab53ec5f28e9a37055191d7995eef63,2024-08-30T12:15:09Z,QC.Sty,0%
af2567e6cab53ec5f28e9a37055191d7995eef63,2024-08-30T12:15:09Z,QC.Uni,0%
af2567e6cab53ec5f28e9a37055191d7995eef63,2024-08-30T12:15:09Z,QC.Ver,33%
17c5d942134ec8dca440b049bf221867a3c8b588,2024-08-30T13:08:38Z,QC.Acc,100%
17c5d942134ec8dca440b049bf221867a3c8b588,2024-08-30T13:08:38Z,QC.Doc,80%
17c5d942134ec8dca440b049bf221867a3c8b588,2024-08-30T13:08:38Z,QC.Lic,100%
17c5d942134ec8dca440b049bf221867a3c8b588,2024-08-30T13:08:38Z,QC.Met,100%
17c5d942134ec8dca440b049bf221867a3c8b588,2024-08-30T13:08:38Z,QC.Sec,100%
17c5d942134ec8dca440b049bf221867a3c8b588,2024-08-30T13:08:38Z,QC.Sty,0%
17c5d942134ec8dca440b049bf221867a3c8b588,2024-08-30T13:08:38Z,QC.Uni,0%
17c5d942134ec8dca440b049bf221867a3c8b588,2024-08-30T13:08:38Z,QC.Ver,33%
9c82f18615dcbd145ee58f4b4756b6318f0a440b,2024-09-02T15:28:01Z,QC.Acc,100%
9c82f18615dcbd145ee58f4b4756b6318f0a440b,2024-09-02T15:28:01Z,QC.Doc,80%
9c82f18615dcbd145ee58f4b4756b6318f0a440b,2024-09-02T15:28:01Z,QC.Lic,100%
9c82f18615dcbd145ee58f4b4756b6318f0a440b,2024-09-02T15:28:01Z,QC.Met,100%
9c82f18615dcbd145ee58f4b4756b6318f0a440b,2024-09-02T15:28:01Z,QC.Sec,100%
9c82f18615dcbd145ee58f4b4756b6318f0a440b,2024-09-02T15:28:01Z,QC.Sty,0%
9c82f18615dcbd145ee58f4b4756b6318f0a440b,2024-09-02T15:28:01Z,QC.Uni,0%
9c82f18615dcbd145ee58f4b4756b6318f0a440b,2024-09-02T15:28:01Z,QC.Ver,33%
c57eb65f1c81483b6e09ac1ef3af7ad37f53dd7e,2024-09-02T16:20:02Z,QC.Acc,100%
c57eb65f1c81483b6e09ac1ef3af7ad37f53dd7e,2024-09-02T16:20:02Z,QC.Doc,80%
c57eb65f1c81483b6e09ac1ef3af7ad37f53dd7e,2024-09-02T16:20:02Z,QC.Lic,100%
c57eb65f1c81483b6e09ac1ef3af7ad37f53dd7e,2024-09-02T16:20:02Z,QC.Met,100%
c57eb65f1c81483b6e09ac1ef3af7ad37f53dd7e,2024-09-02T16:20:02Z,QC.Sec,100%
c57eb65f1c81483b6e09ac1ef3af7ad37f53dd7e,2024-09-02T16:20:02Z,QC.Sty,0%
c57eb65f1c81483b6e09ac1ef3af7ad37f53dd7e,2024-09-02T16:20:02Z,QC.Uni,0%
c57eb65f1c81483b6e09ac1ef3af7ad37f53dd7e,2024-09-02T16:20:02Z,QC.Ver,33%
18731a75bf25ce14bfb38d123e1fea9bba40db88,2024-09-03T08:44:50Z,QC.Acc,100%
18731a75bf25ce14bfb38d123e1fea9bba40db88,2024-09-03T08:44:50Z,QC.Doc,80%
18731a75bf25ce14bfb38d123e1fea9bba40db88,2024-09-03T08:44:50Z,QC.Lic,100%
18731a75bf25ce14bfb38d123e1fea9bba40db88,2024-09-03T08:44:50Z,QC.Met,100%
18731a75bf25ce14bfb38d123e1fea9bba40db88,2024-09-03T08:44:50Z,QC.Sec,100%
18731a75bf25ce14bfb38d123e1fea9bba40db88,2024-09-03T08:44:50Z,QC.Sty,0%
18731a75bf25ce14bfb38d123e1fea9bba40db88,2024-09-03T08:44:50Z,QC.Uni,0%
18731a75bf25ce14bfb38d123e1fea9bba40db88,2024-09-03T08:44:50Z,QC.Ver,33%
3806fd91441f635c300aebb853a14221c3a28d7f,2024-09-09T08:03:08Z,QC.Acc,100%
3806fd91441f635c300aebb853a14221c3a28d7f,2024-09-09T08:03:08Z,QC.Doc,80%
3806fd91441f635c300aebb853a14221c3a28d7f,2024-09-09T08:03:08Z,QC.Lic,100%
3806fd91441f635c300aebb853a14221c3a28d7f,2024-09-09T08:03:08Z,QC.Met,100%
3806fd91441f635c300aebb853a14221c3a28d7f,2024-09-09T08:03:08Z,QC.Sec,100%
3806fd91441f635c300aebb853a14221c3a28d7f,2024-09-09T08:03:08Z,QC.Sty,0%
3806fd91441f635c300aebb853a14221c3a28d7f,2024-09-09T08:03:08Z,QC.Uni,0%
3806fd91441f635c300aebb853a14221c3a28d7f,2024-09-09T08:03:08Z,QC.Ver,33%
293e5e968609693b9eaa8f1269ff9f1e8218ed09,2024-09-09T09:58:44Z,QC.Acc,100%
293e5e968609693b9eaa8f1269ff9f1e8218ed09,2024-09-09T09:58:44Z,QC.Doc,80%
293e5e968609693b9eaa8f1269ff9f1e8218ed09,2024-09-09T09:58:44Z,QC.Lic,100%
293e5e968609693b9eaa8f1269ff9f1e8218ed09,2024-09-09T09:58:44Z,QC.Met,100%
293e5e968609693b9eaa8f1269ff9f1e8218ed09,2024-09-09T09:58:44Z,QC.Sec,100%
293e5e968609693b9eaa8f1269ff9f1e8218ed09,2024-09-09T09:58:44Z,QC.Sty,0%
293e5e968609693b9eaa8f1269ff9f1e8218ed09,2024-09-09T09:58:44Z,QC.Uni,0%
293e5e968609693b9eaa8f1269ff9f1e8218ed09,2024-09-09T09:58:44Z,QC.Ver,33%
1cfe125d05ade93129259f2f9eae5b97082a6b03,2024-09-09T10:24:58Z,QC.Acc,100%
1cfe125d05ade93129259f2f9eae5b97082a6b03,2024-09-09T10:24:58Z,QC.Doc,80%
1cfe125d05ade93129259f2f9eae5b97082a6b03,2024-09-09T10:24:58Z,QC.Lic,100%
1cfe125d05ade93129259f2f9eae5b97082a6b03,2024-09-09T10:24:58Z,QC.Met,100%
1cfe125d05ade93129259f2f9eae5b97082a6b03,2024-09-09T10:24:58Z,QC.Sec,100%
1cfe125d05ade93129259f2f9eae5b97082a6b03,2024-09-09T10:24:58Z,QC.Sty,0%
1cfe125d05ade93129259f2f9eae5b97082a6b03,2024-09-09T10:24:58Z,QC.Uni,0%
1cfe125d05ade93129259f2f9eae5b97082a6b03,2024-09-09T10:24:58Z,QC.Ver,33%
cef1a764678f5d4b1ff1b036e299e1e40ebc429f,2024-09-10T09:15:52Z,QC.Acc,100%
cef1a764678f5d4b1ff1b036e299e1e40ebc429f,2024-09-10T09:15:52Z,QC.Doc,80%
cef1a764678f5d4b1ff1b036e299e1e40ebc429f,2024-09-10T09:15:52Z,QC.Lic,100%
cef1a764678f5d4b1ff1b036e299e1e40ebc429f,2024-09-10T09:15:52Z,QC.Met,100%
cef1a764678f5d4b1ff1b036e299e1e40ebc429f,2024-09-10T09:15:52Z,QC.Sec,100%
cef1a764678f5d4b1ff1b036e299e1e40ebc429f,2024-09-10T09:15:52Z,QC.Sty,0%
cef1a764678f5d4b1ff1b036e299e1e40ebc429f,2024-09-10T09:15:52Z,QC.Uni,0%
cef1a764678f5d4b1ff1b036e299e1e40ebc429f,2024-09-10T09:15:52Z,QC.Ver,33%
50053491dfd0884d36edcf19948de08486ee9976,2024-09-10T13:38:15Z,QC.Acc,100%
50053491dfd0884d36edcf19948de08486ee9976,2024-09-10T13:38:15Z,QC.Doc,80%
50053491dfd0884d36edcf19948de08486ee9976,2024-09-10T13:38:15Z,QC.Lic,100%
50053491dfd0884d36edcf19948de08486ee9976,2024-09-10T13:38:15Z,QC.Met,100%
50053491dfd0884d36edcf19948de08486ee9976,2024-09-10T13:38:15Z,QC.Sec,100%
50053491dfd0884d36edcf19948de08486ee9976,2024-09-10T13:38:15Z,QC.Sty,0%
50053491dfd0884d36edcf19948de08486ee9976,2024-09-10T13:38:15Z,QC.Uni,0%
50053491dfd0884d36edcf19948de08486ee9976,2024-09-10T13:38:15Z,QC.Ver,33%
0a49271febe6552f3392fb4b3809398a165f877b,2024-09-12T13:23:25Z,QC.Acc,100%
0a49271febe6552f3392fb4b3809398a165f877b,2024-09-12T13:23:25Z,QC.Doc,80%
0a49271febe6552f3392fb4b3809398a165f877b,2024-09-12T13:23:25Z,QC.Lic,100%
0a49271febe6552f3392fb4b3809398a165f877b,2024-09-12T13:23:25Z,QC.Met,100%
0a49271febe6552f3392fb4b3809398a165f877b,2024-09-12T13:23:25Z,QC.Sec,100%
0a49271febe6552f3392fb4b3809398a165f877b,2024-09-12T13:23:25Z,QC.Sty,0%
0a49271febe6552f3392fb4b3809398a165f877b,2024-09-12T13:23:25Z,QC.Uni,0%
0a49271febe6552f3392fb4b3809398a165f877b,2024-09-12T13:23:25Z,QC.Ver,33%
f8b09eafad8cc2b37f9cb31f6836aaea89847eed,2024-09-17T15:54:15Z,QC.Acc,100%
f8b09eafad8cc2b37f9cb31f6836aaea89847eed,2024-09-17T15:54:15Z,QC.Doc,80%
f8b09eafad8cc2b37f9cb31f6836aaea89847eed,2024-09-17T15:54:15Z,QC.Lic,100%
f8b09eafad8cc2b37f9cb31f6836aaea89847eed,2024-09-17T15:54:15Z,QC.Met,100%
f8b09eafad8cc2b37f9cb31f6836aaea89847eed,2024-09-17T15:54:15Z,QC.Sec,100%
f8b09eafad8cc2b37f9cb31f6836aaea89847eed,2024-09-17T15:54:15Z,QC.Sty,0%
f8b09eafad8cc2b37f9cb31f6836aaea89847eed,2024-09-17T15:54:15Z,QC.Uni,0%
f8b09eafad8cc2b37f9cb31f6836aaea89847eed,2024-09-17T15:54:15Z,QC.Ver,33%
7ba990a744c1ff15e8810e14097013a57a31dcef,2024-09-19T12:19:06Z,QC.Acc,100%
7ba990a744c1ff15e8810e14097013a57a31dcef,2024-09-19T12:19:06Z,QC.Doc,80%
7ba990a744c1ff15e8810e14097013a57a31dcef,2024-09-19T12:19:06Z,QC.Lic,100%
7ba990a744c1ff15e8810e14097013a57a31dcef,2024-09-19T12:19:06Z,QC.Met,100%
7ba990a744c1ff15e8810e14097013a57a31dcef,2024-09-19T12:19:06Z,QC.Sec,100%
7ba990a744c1ff15e8810e14097013a57a31dcef,2024-09-19T12:19:06Z,QC.Sty,0%
7ba990a744c1ff15e8810e14097013a57a31dcef,2024-09-19T12:19:06Z,QC.Uni,0%
7ba990a744c1ff15e8810e14097013a57a31dcef,2024-09-19T12:19:06Z,QC.Ver,33%
8f6ae6e16aff511e303b22ad4570f84899590769,2024-09-24T07:20:19Z,QC.Acc,100%
8f6ae6e16aff511e303b22ad4570f84899590769,2024-09-24T07:20:19Z,QC.Doc,80%
8f6ae6e16aff511e303b22ad4570f84899590769,2024-09-24T07:20:19Z,QC.Lic,100%
8f6ae6e16aff511e303b22ad4570f84899590769,2024-09-24T07:20:19Z,QC.Sec,0%
8f6ae6e16aff511e303b22ad4570f84899590769,2024-09-24T07:20:19Z,QC.Sty,0%
8f6ae6e16aff511e303b22ad4570f84899590769,2024-09-24T07:20:19Z,QC.Uni,0%
8f6ae6e16aff511e303b22ad4570f84899590769,2024-09-24T07:20:19Z,QC.Ver,33%
8f6ae6e16aff511e303b22ad4570f84899590769,2024-09-24T07:20:19Z,QC.Met,0%
8c5c6ddfb19113f94a2156f1d6a952e3d3c5839c,2024-09-24T08:24:57Z,QC.Acc,100%
8c5c6ddfb19113f94a2156f1d6a952e3d3c5839c,2024-09-24T08:24:57Z,QC.Doc,80%
8c5c6ddfb19113f94a2156f1d6a952e3d3c5839c,2024-09-24T08:24:57Z,QC.Lic,100%
8c5c6ddfb19113f94a2156f1d6a952e3d3c5839c,2024-09-24T08:24:57Z,QC.Sec,0%
8c5c6ddfb19113f94a2156f1d6a952e3d3c5839c,2024-09-24T08:24:57Z,QC.Sty,0%
8c5c6ddfb19113f94a2156f1d6a952e3d3c5839c,2024-09-24T08:24:57Z,QC.Uni,0%
8c5c6ddfb19113f94a2156f1d6a952e3d3c5839c,2024-09-24T08:24:57Z,QC.Ver,33%
8c5c6ddfb19113f94a2156f1d6a952e3d3c5839c,2024-09-24T08:24:57Z,QC.Met,0%
31f953ce4fdec76c599f843e1ccfb88321a57e83,2024-09-24T09:36:57Z,QC.Acc,100%
31f953ce4fdec76c599f843e1ccfb88321a57e83,2024-09-24T09:36:57Z,QC.Doc,80%
31f953ce4fdec76c599f843e1ccfb88321a57e83,2024-09-24T09:36:57Z,QC.Lic,100%
31f953ce4fdec76c599f843e1ccfb88321a57e83,2024-09-24T09:36:57Z,QC.Sec,0%
31f953ce4fdec76c599f843e1ccfb88321a57e83,2024-09-24T09:36:57Z,QC.Sty,0%
31f953ce4fdec76c599f843e1ccfb88321a57e83,2024-09-24T09:36:57Z,QC.Uni,0%
31f953ce4fdec76c599f843e1ccfb88321a57e83,2024-09-24T09:36:57Z,QC.Ver,33%
31f953ce4fdec76c599f843e1ccfb88321a57e83,2024-09-24T09:36:57Z,QC.Met,0%
e05af29c219c38b6e1add544d66841cc0eb4abb6,2024-09-24T11:52:34Z,QC.Acc,100%
e05af29c219c38b6e1add544d66841cc0eb4abb6,2024-09-24T11:52:34Z,QC.Doc,80%
e05af29c219c38b6e1add544d66841cc0eb4abb6,2024-09-24T11:52:34Z,QC.Lic,100%
e05af29c219c38b6e1add544d66841cc0eb4abb6,2024-09-24T11:52:34Z,QC.Met,100%
e05af29c219c38b6e1add544d66841cc0eb4abb6,2024-09-24T11:52:34Z,QC.Sec,100%
e05af29c219c38b6e1add544d66841cc0eb4abb6,2024-09-24T11:52:34Z,QC.Sty,100%
e05af29c219c38b6e1add544d66841cc0eb4abb6,2024-09-24T11:52:34Z,QC.Uni,0%
e05af29c219c38b6e1add544d66841cc0eb4abb6,2024-09-24T11:52:34Z,QC.Ver,33%
dee2859204136f4b9b7772fbe43a8fba8a9fda1a,2024-09-24T12:05:48Z,QC.Acc,100%
dee2859204136f4b9b7772fbe43a8fba8a9fda1a,2024-09-24T12:05:48Z,QC.Doc,80%
dee2859204136f4b9b7772fbe43a8fba8a9fda1a,2024-09-24T12:05:48Z,QC.Lic,100%
dee2859204136f4b9b7772fbe43a8fba8a9fda1a,2024-09-24T12:05:48Z,QC.Sec,0%
dee2859204136f4b9b7772fbe43a8fba8a9fda1a,2024-09-24T12:05:48Z,QC.Sty,0%
dee2859204136f4b9b7772fbe43a8fba8a9fda1a,2024-09-24T12:05:48Z,QC.Uni,100%
dee2859204136f4b9b7772fbe43a8fba8a9fda1a,2024-09-24T12:05:48Z,QC.Ver,33%
dee2859204136f4b9b7772fbe43a8fba8a9fda1a,2024-09-24T12:05:48Z,QC.Met,0%
0523bc4bc1866840d34375c9ba511e772f0be0c3,2024-10-15T14:07:02Z,QC.Acc,100%
0523bc4bc1866840d34375c9ba511e772f0be0c3,2024-10-15T14:07:02Z,QC.Doc,80%
0523bc4bc1866840d34375c9ba511e772f0be0c3,2024-10-15T14:07:02Z,QC.Lic,100%
0523bc4bc1866840d34375c9ba511e772f0be0c3,2024-10-15T14:07:02Z,QC.Met,100%
0523bc4bc1866840d34375c9ba511e772f0be0c3,2024-10-15T14:07:02Z,QC.Sec,100%
0523bc4bc1866840d34375c9ba511e772f0be0c3,2024-10-15T14:07:02Z,QC.Sty,100%
0523bc4bc1866840d34375c9ba511e772f0be0c3,2024-10-15T14:07:02Z,QC.Uni,0%
0523bc4bc1866840d34375c9ba511e772f0be0c3,2024-10-15T14:07:02Z,QC.Ver,33%
f9d20c28825883fbb6a9b480dac3df6708e6c337,2024-10-16T08:53:16Z,QC.Acc,100%
f9d20c28825883fbb6a9b480dac3df6708e6c337,2024-10-16T08:53:16Z,QC.Doc,80%
f9d20c28825883fbb6a9b480dac3df6708e6c337,2024-10-16T08:53:16Z,QC.Lic,100%
f9d20c28825883fbb6a9b480dac3df6708e6c337,2024-10-16T08:53:16Z,QC.Met,100%
f9d20c28825883fbb6a9b480dac3df6708e6c337,2024-10-16T08:53:16Z,QC.Sec,100%
f9d20c28825883fbb6a9b480dac3df6708e6c337,2024-10-16T08:53:16Z,QC.Sty,100%
f9d20c28825883fbb6a9b480dac3df6708e6c337,2024-10-16T08:53:16Z,QC.Uni,0%
f9d20c28825883fbb6a9b480dac3df6708e6c337,2024-10-16T08:53:16Z,QC.Ver,33%
0c029afab17025e32ae88bc12e927492d4b401c2,2024-10-16T09:56:41Z,QC.Acc,100%
0c029afab17025e32ae88bc12e927492d4b401c2,2024-10-16T09:56:41Z,QC.Doc,80%
0c029afab17025e32ae88bc12e927492d4b401c2,2024-10-16T09:56:41Z,QC.Lic,100%
0c029afab17025e32ae88bc12e927492d4b401c2,2024-10-16T09:56:41Z,QC.Met,100%
0c029afab17025e32ae88bc12e927492d4b401c2,2024-10-16T09:56:41Z,QC.Sec,100%
0c029afab17025e32ae88bc12e927492d4b401c2,2024-10-16T09:56:41Z,QC.Sty,100%
0c029afab17025e32ae88bc12e927492d4b401c2,2024-10-16T09:56:41Z,QC.Uni,0%
0c029afab17025e32ae88bc12e927492d4b401c2,2024-10-16T09:56:41Z,QC.Ver,33%
9d0739f1c9bce78a1639089750378bf78ff846ec,2024-10-16T11:39:15Z,QC.Acc,100%
9d0739f1c9bce78a1639089750378bf78ff846ec,2024-10-16T11:39:15Z,QC.Doc,80%
9d0739f1c9bce78a1639089750378bf78ff846ec,2024-10-16T11:39:15Z,QC.Lic,100%
9d0739f1c9bce78a1639089750378bf78ff846ec,2024-10-16T11:39:15Z,QC.Met,100%
9d0739f1c9bce78a1639089750378bf78ff846ec,2024-10-16T11:39:15Z,QC.Sec,100%
9d0739f1c9bce78a1639089750378bf78ff846ec,2024-10-16T11:39:15Z,QC.Sty,100%
9d0739f1c9bce78a1639089750378bf78ff846ec,2024-10-16T11:39:15Z,QC.Uni,0%
9d0739f1c9bce78a1639089750378bf78ff846ec,2024-10-16T11:39:15Z,QC.Ver,33%
474034ffddff9e78bed4f071761227641fa695e6,2024-10-16T17:13:38Z,QC.Acc,100%
474034ffddff9e78bed4f071761227641fa695e6,2024-10-16T17:13:38Z,QC.Doc,80%
474034ffddff9e78bed4f071761227641fa695e6,2024-10-16T17:13:38Z,QC.Lic,100%
474034ffddff9e78bed4f071761227641fa695e6,2024-10-16T17:13:38Z,QC.Met,100%
474034ffddff9e78bed4f071761227641fa695e6,2024-10-16T17:13:38Z,QC.Sec,100%
474034ffddff9e78bed4f071761227641fa695e6,2024-10-16T17:13:38Z,QC.Sty,100%
474034ffddff9e78bed4f071761227641fa695e6,2024-10-16T17:13:38Z,QC.Uni,0%
474034ffddff9e78bed4f071761227641fa695e6,2024-10-16T17:13:38Z,QC.Ver,33%
c5ea0aa49e04f88608cc7d76ee6dcbb8befdf882,2024-10-23T08:52:54Z,QC.Acc,100%
c5ea0aa49e04f88608cc7d76ee6dcbb8befdf882,2024-10-23T08:52:54Z,QC.Doc,80%
c5ea0aa49e04f88608cc7d76ee6dcbb8befdf882,2024-10-23T08:52:54Z,QC.Lic,100%
c5ea0aa49e04f88608cc7d76ee6dcbb8befdf882,2024-10-23T08:52:54Z,QC.Met,100%
c5ea0aa49e04f88608cc7d76ee6dcbb8befdf882,2024-10-23T08:52:54Z,QC.Sec,100%
c5ea0aa49e04f88608cc7d76ee6dcbb8befdf882,2024-10-23T08:52:54Z,QC.Sty,100%
c5ea0aa49e04f88608cc7d76ee6dcbb8befdf882,2024-10-23T08:52:54Z,QC.Uni,100%
c5ea0aa49e04f88608cc7d76ee6dcbb8befdf882,2024-10-23T08:52:54Z,QC.Ver,33%
a81d56149ba5b7438c8333fa9f6198de59ec4fba,2024-10-23T22:30:11Z,QC.Acc,100%
a81d56149ba5b7438c8333fa9f6198de59ec4fba,2024-10-23T22:30:11Z,QC.Doc,80%
a81d56149ba5b7438c8333fa9f6198de59ec4fba,2024-10-23T22:30:11Z,QC.Lic,100%
a81d56149ba5b7438c8333fa9f6198de59ec4fba,2024-10-23T22:30:11Z,QC.Met,100%
a81d56149ba5b7438c8333fa9f6198de59ec4fba,2024-10-23T22:30:11Z,QC.Sec,100%
a81d56149ba5b7438c8333fa9f6198de59ec4fba,2024-10-23T22:30:11Z,QC.Sty,100%
a81d56149ba5b7438c8333fa9f6198de59ec4fba,2024-10-23T22:30:11Z,QC.Uni,0%
a81d56149ba5b7438c8333fa9f6198de59ec4fba,2024-10-23T22:30:11Z,QC.Ver,33%
1101f1873a1b65bd0175b215d20149d7eb88c525,2024-10-23T23:04:06Z,QC.Acc,100%
1101f1873a1b65bd0175b215d20149d7eb88c525,2024-10-23T23:04:06Z,QC.Doc,80%
1101f1873a1b65bd0175b215d20149d7eb88c525,2024-10-23T23:04:06Z,QC.Lic,100%
1101f1873a1b65bd0175b215d20149d7eb88c525,2024-10-23T23:04:06Z,QC.Met,100%
1101f1873a1b65bd0175b215d20149d7eb88c525,2024-10-23T23:04:06Z,QC.Sec,100%
1101f1873a1b65bd0175b215d20149d7eb88c525,2024-10-23T23:04:06Z,QC.Sty,100%
1101f1873a1b65bd0175b215d20149d7eb88c525,2024-10-23T23:04:06Z,QC.Uni,100%
1101f1873a1b65bd0175b215d20149d7eb88c525,2024-10-23T23:04:06Z,QC.Ver,33%
06bf43b0ff878fdc3ca492323e5e6c8bb9a8f51d,2024-11-07T16:10:50Z,QC.Acc,100%
06bf43b0ff878fdc3ca492323e5e6c8bb9a8f51d,2024-11-07T16:10:50Z,QC.Doc,80%
06bf43b0ff878fdc3ca492323e5e6c8bb9a8f51d,2024-11-07T16:10:50Z,QC.Lic,100%
06bf43b0ff878fdc3ca492323e5e6c8bb9a8f51d,2024-11-07T16:10:50Z,QC.Met,100%
06bf43b0ff878fdc3ca492323e5e6c8bb9a8f51d,2024-11-07T16:10:50Z,QC.Sec,100%
06bf43b0ff878fdc3ca492323e5e6c8bb9a8f51d,2024-11-07T16:10:50Z,QC.Sty,100%
06bf43b0ff878fdc3ca492323e5e6c8bb9a8f51d,2024-11-07T16:10:50Z,QC.Uni,100%
06bf43b0ff878fdc3ca492323e5e6c8bb9a8f51d,2024-11-07T16:10:50Z,QC.Ver,33%
86f536f57dfaa9ea9ad433f39c152ee80cfccd36,2024-11-07T17:32:38Z,QC.Acc,100%
86f536f57dfaa9ea9ad433f39c152ee80cfccd36,2024-11-07T17:32:38Z,QC.Doc,80%
86f536f57dfaa9ea9ad433f39c152ee80cfccd36,2024-11-07T17:32:38Z,QC.Lic,100%
86f536f57dfaa9ea9ad433f39c152ee80cfccd36,2024-11-07T17:32:38Z,QC.Met,100%
86f536f57dfaa9ea9ad433f39c152ee80cfccd36,2024-11-07T17:32:38Z,QC.Sec,100%
86f536f57dfaa9ea9ad433f39c152ee80cfccd36,2024-11-07T17:32:38Z,QC.Sty,100%
86f536f57dfaa9ea9ad433f39c152ee80cfccd36,2024-11-07T17:32:38Z,QC.Uni,100%
86f536f57dfaa9ea9ad433f39c152ee80cfccd36,2024-11-07T17:32:38Z,QC.Ver,33%
fc4b688ec0368269e75114649fe52233ae1e853e,2024-11-19T10:34:21Z,QC.Sty,100%
10d4049e2f39e237d7e9a9adc5e5a1a5e25378cb,2024-11-25T16:50:23Z,QC.Acc,100%
10d4049e2f39e237d7e9a9adc5e5a1a5e25378cb,2024-11-25T16:50:23Z,QC.Doc,80%
10d4049e2f39e237d7e9a9adc5e5a1a5e25378cb,2024-11-25T16:50:23Z,QC.Lic,100%
10d4049e2f39e237d7e9a9adc5e5a1a5e25378cb,2024-11-25T16:50:23Z,QC.Met,100%
10d4049e2f39e237d7e9a9adc5e5a1a5e25378cb,2024-11-25T16:50:23Z,QC.Sec,100%
10d4049e2f39e237d7e9a9adc5e5a1a5e25378cb,2024-11-25T16:50:23Z,QC.Sty,100%
10d4049e2f39e237d7e9a9adc5e5a1a5e25378cb,2024-11-25T16:50:23Z,QC.Uni,0%
10d4049e2f39e237d7e9a9adc5e5a1a5e25378cb,2024-11-25T16:50:23Z,QC.Ver,33%
9554fc48d71d100380fba2fd26e502d6f3be7716,2024-11-25T18:53:02Z,QC.Acc,100%
9554fc48d71d100380fba2fd26e502d6f3be7716,2024-11-25T18:53:02Z,QC.Doc,80%
9554fc48d71d100380fba2fd26e502d6f3be7716,2024-11-25T18:53:02Z,QC.Lic,100%
9554fc48d71d100380fba2fd26e502d6f3be7716,2024-11-25T18:53:02Z,QC.Met,100%
9554fc48d71d100380fba2fd26e502d6f3be7716,2024-11-25T18:53:02Z,QC.Sec,100%
9554fc48d71d100380fba2fd26e502d6f3be7716,2024-11-25T18:53:02Z,QC.Sty,100%
9554fc48d71d100380fba2fd26e502d6f3be7716,2024-11-25T18:53:02Z,QC.Uni,0%
9554fc48d71d100380fba2fd26e502d6f3be7716,2024-11-25T18:53:02Z,QC.Ver,33%
d05fb756aa3a9c1a77b282306a0fa6a2d8001650,2024-11-28T16:57:57Z,QC.Acc,100%
d05fb756aa3a9c1a77b282306a0fa6a2d8001650,2024-11-28T16:57:57Z,QC.Doc,80%
d05fb756aa3a9c1a77b282306a0fa6a2d8001650,2024-11-28T16:57:57Z,QC.Lic,100%
d05fb756aa3a9c1a77b282306a0fa6a2d8001650,2024-11-28T16:57:57Z,QC.Met,100%
d05fb756aa3a9c1a77b282306a0fa6a2d8001650,2024-11-28T16:57:57Z,QC.Sec,100%
d05fb756aa3a9c1a77b282306a0fa6a2d8001650,2024-11-28T16:57:57Z,QC.Sty,100%
d05fb756aa3a9c1a77b282306a0fa6a2d8001650,2024-11-28T16:57:57Z,QC.Uni,0%
d05fb756aa3a9c1a77b282306a0fa6a2d8001650,2024-11-28T16:57:57Z,QC.Ver,33%
a964e479743928ace3dcc6667c0e0bcc823034c3,2024-12-02T09:47:15Z,QC.Acc,100%
a964e479743928ace3dcc6667c0e0bcc823034c3,2024-12-02T09:47:15Z,QC.Doc,80%
a964e479743928ace3dcc6667c0e0bcc823034c3,2024-12-02T09:47:15Z,QC.Lic,100%
a964e479743928ace3dcc6667c0e0bcc823034c3,2024-12-02T09:47:15Z,QC.Met,100%
a964e479743928ace3dcc6667c0e0bcc823034c3,2024-12-02T09:47:15Z,QC.Sec,100%
a964e479743928ace3dcc6667c0e0bcc823034c3,2024-12-02T09:47:15Z,QC.Sty,100%
a964e479743928ace3dcc6667c0e0bcc823034c3,2024-12-02T09:47:15Z,QC.Uni,0%
a964e479743928ace3dcc6667c0e0bcc823034c3,2024-12-02T09:47:15Z,QC.Ver,33%
af68d9022e7d96312d84847834930abc786a98c5,2024-12-03T17:20:39Z,QC.Acc,100%
af68d9022e7d96312d84847834930abc786a98c5,2024-12-03T17:20:39Z,QC.Doc,80%
af68d9022e7d96312d84847834930abc786a98c5,2024-12-03T17:20:39Z,QC.Lic,100%
af68d9022e7d96312d84847834930abc786a98c5,2024-12-03T17:20:39Z,QC.Met,100%
af68d9022e7d96312d84847834930abc786a98c5,2024-12-03T17:20:39Z,QC.Sec,100%
af68d9022e7d96312d84847834930abc786a98c5,2024-12-03T17:20:39Z,QC.Sty,100%
af68d9022e7d96312d84847834930abc786a98c5,2024-12-03T17:20:39Z,QC.Uni,0%
af68d9022e7d96312d84847834930abc786a98c5,2024-12-03T17:20:39Z,QC.Ver,33%
0dda5405feb3f36c245f4cbb4f49fed8f058c965,2024-12-09T10:59:31Z,QC.Acc,100%
0dda5405feb3f36c245f4cbb4f49fed8f058c965,2024-12-09T10:59:31Z,QC.Doc,80%
0dda5405feb3f36c245f4cbb4f49fed8f058c965,2024-12-09T10:59:31Z,QC.Lic,100%
0dda5405feb3f36c245f4cbb4f49fed8f058c965,2024-12-09T10:59:31Z,QC.Met,100%
0dda5405feb3f36c245f4cbb4f49fed8f058c965,2024-12-09T10:59:31Z,QC.Sec,100%
0dda5405feb3f36c245f4cbb4f49fed8f058c965,2024-12-09T10:59:31Z,QC.Sty,100%
0dda5405feb3f36c245f4cbb4f49fed8f058c965,2024-12-09T10:59:31Z,QC.Uni,0%
0dda5405feb3f36c245f4cbb4f49fed8f058c965,2024-12-09T10:59:31Z,QC.Ver,33%
c5f7bc07f8d370fd857fcba151813155a6a970f7,2024-12-10T15:52:24Z,QC.Acc,100%
c5f7bc07f8d370fd857fcba151813155a6a970f7,2024-12-10T15:52:24Z,QC.Doc,80%
c5f7bc07f8d370fd857fcba151813155a6a970f7,2024-12-10T15:52:24Z,QC.Lic,100%
c5f7bc07f8d370fd857fcba151813155a6a970f7,2024-12-10T15:52:24Z,QC.Met,100%
c5f7bc07f8d370fd857fcba151813155a6a970f7,2024-12-10T15:52:24Z,QC.Sec,100%
c5f7bc07f8d370fd857fcba151813155a6a970f7,2024-12-10T15:52:24Z,QC.Sty,100%
c5f7bc07f8d370fd857fcba151813155a6a970f7,2024-12-10T15:52:24Z,QC.Uni,0%
c5f7bc07f8d370fd857fcba151813155a6a970f7,2024-12-10T15:52:24Z,QC.Ver,33%
affbf5134773ae1062b0ed6d5c248feb25cd7ecd,2024-12-10T16:59:27Z,QC.Acc,100%
affbf5134773ae1062b0ed6d5c248feb25cd7ecd,2024-12-10T16:59:27Z,QC.Doc,80%
affbf5134773ae1062b0ed6d5c248feb25cd7ecd,2024-12-10T16:59:27Z,QC.Lic,100%
affbf5134773ae1062b0ed6d5c248feb25cd7ecd,2024-12-10T16:59:27Z,QC.Met,100%
affbf5134773ae1062b0ed6d5c248feb25cd7ecd,2024-12-10T16:59:27Z,QC.Sec,100%
affbf5134773ae1062b0ed6d5c248feb25cd7ecd,2024-12-10T16:59:27Z,QC.Sty,100%
affbf5134773ae1062b0ed6d5c248feb25cd7ecd,2024-12-10T16:59:27Z,QC.Uni,0%
affbf5134773ae1062b0ed6d5c248feb25cd7ecd,2024-12-10T16:59:27Z,QC.Ver,33%
7a946b2d696e27fe6eedaf5b9e8f49cd0a907c12,2024-12-12T11:30:15Z,QC.Acc,100%
7a946b2d696e27fe6eedaf5b9e8f49cd0a907c12,2024-12-12T11:30:15Z,QC.Doc,80%
7a946b2d696e27fe6eedaf5b9e8f49cd0a907c12,2024-12-12T11:30:15Z,QC.Lic,100%
7a946b2d696e27fe6eedaf5b9e8f49cd0a907c12,2024-12-12T11:30:15Z,QC.Met,100%
7a946b2d696e27fe6eedaf5b9e8f49cd0a907c12,2024-12-12T11:30:15Z,QC.Sec,100%
7a946b2d696e27fe6eedaf5b9e8f49cd0a907c12,2024-12-12T11:30:15Z,QC.Sty,100%
7a946b2d696e27fe6eedaf5b9e8f49cd0a907c12,2024-12-12T11:30:15Z,QC.Uni,0%
7a946b2d696e27fe6eedaf5b9e8f49cd0a907c12,2024-12-12T11:30:15Z,QC.Ver,33%
c71a7ea2df5820f05074d218a1b03ecaa844c182,2024-12-12T12:36:48Z,QC.Acc,100%
c71a7ea2df5820f05074d218a1b03ecaa844c182,2024-12-12T12:36:48Z,QC.Doc,80%
c71a7ea2df5820f05074d218a1b03ecaa844c182,2024-12-12T12:36:48Z,QC.Lic,100%
c71a7ea2df5820f05074d218a1b03ecaa844c182,2024-12-12T12:36:48Z,QC.Met,100%
c71a7ea2df5820f05074d218a1b03ecaa844c182,2024-12-12T12:36:48Z,QC.Sec,100%
c71a7ea2df5820f05074d218a1b03ecaa844c182,2024-12-12T12:36:48Z,QC.Sty,100%
c71a7ea2df5820f05074d218a1b03ecaa844c182,2024-12-12T12:36:48Z,QC.Uni,100%
c71a7ea2df5820f05074d218a1b03ecaa844c182,2024-12-12T12:36:48Z,QC.Ver,33%
e7be01721e0dc9e5d648fba3733d40d4755a8b4c,2024-12-12T15:41:46Z,QC.Acc,100%
e7be01721e0dc9e5d648fba3733d40d4755a8b4c,2024-12-12T15:41:46Z,QC.Doc,80%
e7be01721e0dc9e5d648fba3733d40d4755a8b4c,2024-12-12T15:41:46Z,QC.Lic,100%
e7be01721e0dc9e5d648fba3733d40d4755a8b4c,2024-12-12T15:41:46Z,QC.Met,100%
e7be01721e0dc9e5d648fba3733d40d4755a8b4c,2024-12-12T15:41:46Z,QC.Sec,100%
e7be01721e0dc9e5d648fba3733d40d4755a8b4c,2024-12-12T15:41:46Z,QC.Sty,100%
e7be01721e0dc9e5d648fba3733d40d4755a8b4c,2024-12-12T15:41:46Z,QC.Uni,0%
e7be01721e0dc9e5d648fba3733d40d4755a8b4c,2024-12-12T15:41:46Z,QC.Ver,33%
33f13c8704134c873cb1af7015a9d0a5051f27eb,2024-12-16T16:55:28Z,QC.Acc,100%
33f13c8704134c873cb1af7015a9d0a5051f27eb,2024-12-16T16:55:28Z,QC.Doc,80%
33f13c8704134c873cb1af7015a9d0a5051f27eb,2024-12-16T16:55:28Z,QC.Lic,100%
33f13c8704134c873cb1af7015a9d0a5051f27eb,2024-12-16T16:55:28Z,QC.Met,100%
33f13c8704134c873cb1af7015a9d0a5051f27eb,2024-12-16T16:55:28Z,QC.Sec,100%
33f13c8704134c873cb1af7015a9d0a5051f27eb,2024-12-16T16:55:28Z,QC.Sty,0%
33f13c8704134c873cb1af7015a9d0a5051f27eb,2024-12-16T16:55:28Z,QC.Uni,100%
33f13c8704134c873cb1af7015a9d0a5051f27eb,2024-12-16T16:55:28Z,QC.Ver,33%
3fc10eff9304a881a2136e337b623a6b728f6817,2025-01-09T16:18:25Z,QC.Acc,100%
3fc10eff9304a881a2136e337b623a6b728f6817,2025-01-09T16:18:25Z,QC.Doc,80%
3fc10eff9304a881a2136e337b623a6b728f6817,2025-01-09T16:18:25Z,QC.Lic,100%
3fc10eff9304a881a2136e337b623a6b728f6817,2025-01-09T16:18:25Z,QC.Met,100%
3fc10eff9304a881a2136e337b623a6b728f6817,2025-01-09T16:18:25Z,QC.Sec,100%
3fc10eff9304a881a2136e337b623a6b728f6817,2025-01-09T16:18:25Z,QC.Sty,0%
3fc10eff9304a881a2136e337b623a6b728f6817,2025-01-09T16:18:25Z,QC.Uni,100%
3fc10eff9304a881a2136e337b623a6b728f6817,2025-01-09T16:18:25Z,QC.Ver,33%
3d029b3805345ec756277b508701b661ba9ce450,2025-01-10T15:03:53Z,QC.Acc,100%
3d029b3805345ec756277b508701b661ba9ce450,2025-01-10T15:03:53Z,QC.Doc,80%
3d029b3805345ec756277b508701b661ba9ce450,2025-01-10T15:03:53Z,QC.Lic,100%
3d029b3805345ec756277b508701b661ba9ce450,2025-01-10T15:03:53Z,QC.Met,100%
3d029b3805345ec756277b508701b661ba9ce450,2025-01-10T15:03:53Z,QC.Sec,100%
3d029b3805345ec756277b508701b661ba9ce450,2025-01-10T15:03:53Z,QC.Sty,0%
3d029b3805345ec756277b508701b661ba9ce450,2025-01-10T15:03:53Z,QC.Uni,100%
3d029b3805345ec756277b508701b661ba9ce450,2025-01-10T15:03:53Z,QC.Ver,33%
f059e4e4e0dbb1896b7f3baa7231e7abe4bc1572,2025-01-10T16:20:37Z,QC.Acc,100%
f059e4e4e0dbb1896b7f3baa7231e7abe4bc1572,2025-01-10T16:20:37Z,QC.Doc,80%
f059e4e4e0dbb1896b7f3baa7231e7abe4bc1572,2025-01-10T16:20:37Z,QC.Lic,100%
f059e4e4e0dbb1896b7f3baa7231e7abe4bc1572,2025-01-10T16:20:37Z,QC.Met,100%
f059e4e4e0dbb1896b7f3baa7231e7abe4bc1572,2025-01-10T16:20:37Z,QC.Sec,100%
f059e4e4e0dbb1896b7f3baa7231e7abe4bc1572,2025-01-10T16:20:37Z,QC.Sty,0%
f059e4e4e0dbb1896b7f3baa7231e7abe4bc1572,2025-01-10T16:20:37Z,QC.Uni,0%
f059e4e4e0dbb1896b7f3baa7231e7abe4bc1572,2025-01-10T16:20:37Z,QC.Ver,33%
f7a0f7424c613b1439a5bcad0228bde0bf723d6c,2025-01-16T15:01:45Z,QC.Acc,100%
f7a0f7424c613b1439a5bcad0228bde0bf723d6c,2025-01-16T15:01:45Z,QC.Doc,80%
f7a0f7424c613b1439a5bcad0228bde0bf723d6c,2025-01-16T15:01:45Z,QC.Lic,100%
f7a0f7424c613b1439a5bcad0228bde0bf723d6c,2025-01-16T15:01:45Z,QC.Met,100%
f7a0f7424c613b1439a5bcad0228bde0bf723d6c,2025-01-16T15:01:45Z,QC.Sec,100%
f7a0f7424c613b1439a5bcad0228bde0bf723d6c,2025-01-16T15:01:45Z,QC.Sty,0%
f7a0f7424c613b1439a5bcad0228bde0bf723d6c,2025-01-16T15:01:45Z,QC.Uni,100%
f7a0f7424c613b1439a5bcad0228bde0bf723d6c,2025-01-16T15:01:45Z,QC.Ver,33%
57e6cdb3db017ff118dc0da86075aafa89758b10,2025-01-18T05:34:34Z,QC.Acc,100%
57e6cdb3db017ff118dc0da86075aafa89758b10,2025-01-18T05:34:34Z,QC.Doc,80%
57e6cdb3db017ff118dc0da86075aafa89758b10,2025-01-18T05:34:34Z,QC.Lic,100%
57e6cdb3db017ff118dc0da86075aafa89758b10,2025-01-18T05:34:34Z,QC.Met,100%
57e6cdb3db017ff118dc0da86075aafa89758b10,2025-01-18T05:34:34Z,QC.Sec,100%
57e6cdb3db017ff118dc0da86075aafa89758b10,2025-01-18T05:34:34Z,QC.Sty,0%
57e6cdb3db017ff118dc0da86075aafa89758b10,2025-01-18T05:34:34Z,QC.Uni,0%
57e6cdb3db017ff118dc0da86075aafa89758b10,2025-01-18T05:34:34Z,QC.Ver,33%
e474115e8057346f2506b478e88786993f8c897b,2025-01-20T13:48:08Z,QC.Acc,100%
e474115e8057346f2506b478e88786993f8c897b,2025-01-20T13:48:08Z,QC.Doc,80%
e474115e8057346f2506b478e88786993f8c897b,2025-01-20T13:48:08Z,QC.Lic,100%
e474115e8057346f2506b478e88786993f8c897b,2025-01-20T13:48:08Z,QC.Met,100%
e474115e8057346f2506b478e88786993f8c897b,2025-01-20T13:48:08Z,QC.Sec,100%
e474115e8057346f2506b478e88786993f8c897b,2025-01-20T13:48:08Z,QC.Sty,0%
e474115e8057346f2506b478e88786993f8c897b,2025-01-20T13:48:08Z,QC.Uni,0%
e474115e8057346f2506b478e88786993f8c897b,2025-01-20T13:48:08Z,QC.Ver,33%
c274048b01e50a3e8b06f77cf912819637fcaa83,2025-01-20T14:52:40Z,QC.Acc,100%
c274048b01e50a3e8b06f77cf912819637fcaa83,2025-01-20T14:52:40Z,QC.Doc,80%
c274048b01e50a3e8b06f77cf912819637fcaa83,2025-01-20T14:52:40Z,QC.Lic,100%
c274048b01e50a3e8b06f77cf912819637fcaa83,2025-01-20T14:52:40Z,QC.Met,100%
c274048b01e50a3e8b06f77cf912819637fcaa83,2025-01-20T14:52:40Z,QC.Sec,100%
c274048b01e50a3e8b06f77cf912819637fcaa83,2025-01-20T14:52:40Z,QC.Sty,0%
c274048b01e50a3e8b06f77cf912819637fcaa83,2025-01-20T14:52:40Z,QC.Uni,0%
c274048b01e50a3e8b06f77cf912819637fcaa83,2025-01-20T14:52:40Z,QC.Ver,33%
86762f0437e4c0995e8a23f4dab2734538fd5e8b,2025-01-20T16:35:02Z,QC.Acc,100%
86762f0437e4c0995e8a23f4dab2734538fd5e8b,2025-01-20T16:35:02Z,QC.Doc,80%
86762f0437e4c0995e8a23f4dab2734538fd5e8b,2025-01-20T16:35:02Z,QC.Lic,100%
86762f0437e4c0995e8a23f4dab2734538fd5e8b,2025-01-20T16:35:02Z,QC.Met,100%
86762f0437e4c0995e8a23f4dab2734538fd5e8b,2025-01-20T16:35:02Z,QC.Sec,100%
86762f0437e4c0995e8a23f4dab2734538fd5e8b,2025-01-20T16:35:02Z,QC.Sty,0%
86762f0437e4c0995e8a23f4dab2734538fd5e8b,2025-01-20T16:35:02Z,QC.Uni,0%
86762f0437e4c0995e8a23f4dab2734538fd5e8b,2025-01-20T16:35:02Z,QC.Ver,33%
9192008924a942b76c1fa472b6a6678c7d123e50,2025-01-21T15:46:18Z,QC.Acc,100%
9192008924a942b76c1fa472b6a6678c7d123e50,2025-01-21T15:46:18Z,QC.Doc,80%
9192008924a942b76c1fa472b6a6678c7d123e50,2025-01-21T15:46:18Z,QC.Lic,100%
9192008924a942b76c1fa472b6a6678c7d123e50,2025-01-21T15:46:18Z,QC.Met,100%
9192008924a942b76c1fa472b6a6678c7d123e50,2025-01-21T15:46:18Z,QC.Sec,100%
9192008924a942b76c1fa472b6a6678c7d123e50,2025-01-21T15:46:18Z,QC.Sty,0%
9192008924a942b76c1fa472b6a6678c7d123e50,2025-01-21T15:46:18Z,QC.Uni,0%
9192008924a942b76c1fa472b6a6678c7d123e50,2025-01-21T15:46:18Z,QC.Ver,33%
6637681127e146a6407613ce175d5b327e3ecb45,2025-01-23T08:24:41Z,QC.Acc,100%
6637681127e146a6407613ce175d5b327e3ecb45,2025-01-23T08:24:41Z,QC.Doc,80%
6637681127e146a6407613ce175d5b327e3ecb45,2025-01-23T08:24:41Z,QC.Lic,100%
6637681127e146a6407613ce175d5b327e3ecb45,2025-01-23T08:24:41Z,QC.Met,100%
6637681127e146a6407613ce175d5b327e3ecb45,2025-01-23T08:24:41Z,QC.Sec,100%
6637681127e146a6407613ce175d5b327e3ecb45,2025-01-23T08:24:41Z,QC.Sty,0%
6637681127e146a6407613ce175d5b327e3ecb45,2025-01-23T08:24:41Z,QC.Uni,0%
6637681127e146a6407613ce175d5b327e3ecb45,2025-01-23T08:24:41Z,QC.Ver,33%
659b4750f3cfb52416988df744287efa8d17ad9a,2025-01-23T12:14:14Z,QC.Acc,100%
659b4750f3cfb52416988df744287efa8d17ad9a,2025-01-23T12:14:14Z,QC.Doc,80%
659b4750f3cfb52416988df744287efa8d17ad9a,2025-01-23T12:14:14Z,QC.Lic,100%
659b4750f3cfb52416988df744287efa8d17ad9a,2025-01-23T12:14:14Z,QC.Met,100%
659b4750f3cfb52416988df744287efa8d17ad9a,2025-01-23T12:14:14Z,QC.Sec,100%
659b4750f3cfb52416988df744287efa8d17ad9a,2025-01-23T12:14:14Z,QC.Sty,0%
659b4750f3cfb52416988df744287efa8d17ad9a,2025-01-23T12:14:14Z,QC.Uni,0%
659b4750f3cfb52416988df744287efa8d17ad9a,2025-01-23T12:14:14Z,QC.Ver,33%
87d44b1da0ec173133413095744ba91f0561da03,2025-01-24T10:18:16Z,QC.Acc,100%
87d44b1da0ec173133413095744ba91f0561da03,2025-01-24T10:18:16Z,QC.Doc,100%
87d44b1da0ec173133413095744ba91f0561da03,2025-01-24T10:18:16Z,QC.Lic,100%
87d44b1da0ec173133413095744ba91f0561da03,2025-01-24T10:18:16Z,QC.Ver,33%
87d44b1da0ec173133413095744ba91f0561da03,2025-01-24T10:18:16Z,QC.Met,0%
87d44b1da0ec173133413095744ba91f0561da03,2025-01-24T10:18:16Z,QC.Sec,0%
87d44b1da0ec173133413095744ba91f0561da03,2025-01-24T10:18:16Z,QC.Sty,0%
87d44b1da0ec173133413095744ba91f0561da03,2025-01-24T10:18:16Z,QC.Uni,0%
3cd2ddcaaf7785ef877f42621a4e44fd524cef58,2025-01-24T11:18:09Z,QC.Acc,100%
3cd2ddcaaf7785ef877f42621a4e44fd524cef58,2025-01-24T11:18:09Z,QC.Doc,100%
3cd2ddcaaf7785ef877f42621a4e44fd524cef58,2025-01-24T11:18:09Z,QC.Lic,100%
3cd2ddcaaf7785ef877f42621a4e44fd524cef58,2025-01-24T11:18:09Z,QC.Ver,33%
3cd2ddcaaf7785ef877f42621a4e44fd524cef58,2025-01-24T11:18:09Z,QC.Met,0%
3cd2ddcaaf7785ef877f42621a4e44fd524cef58,2025-01-24T11:18:09Z,QC.Sec,0%
3cd2ddcaaf7785ef877f42621a4e44fd524cef58,2025-01-24T11:18:09Z,QC.Sty,0%
3cd2ddcaaf7785ef877f42621a4e44fd524cef58,2025-01-24T11:18:09Z,QC.Uni,0%
31a97310806e58c3d325659fe7348354b0866b2e,2025-01-27T09:57:20Z,QC.Acc,100%
31a97310806e58c3d325659fe7348354b0866b2e,2025-01-27T09:57:20Z,QC.Doc,80%
31a97310806e58c3d325659fe7348354b0866b2e,2025-01-27T09:57:20Z,QC.Lic,100%
31a97310806e58c3d325659fe7348354b0866b2e,2025-01-27T09:57:20Z,QC.Met,100%
31a97310806e58c3d325659fe7348354b0866b2e,2025-01-27T09:57:20Z,QC.Sec,100%
31a97310806e58c3d325659fe7348354b0866b2e,2025-01-27T09:57:20Z,QC.Sty,0%
31a97310806e58c3d325659fe7348354b0866b2e,2025-01-27T09:57:20Z,QC.Uni,0%
31a97310806e58c3d325659fe7348354b0866b2e,2025-01-27T09:57:20Z,QC.Ver,33%
76fb1d85eedf9d2826a8fe2a6f6986dbfe8dc66d,2025-01-27T11:06:39Z,QC.Acc,100%
76fb1d85eedf9d2826a8fe2a6f6986dbfe8dc66d,2025-01-27T11:06:39Z,QC.Doc,80%
76fb1d85eedf9d2826a8fe2a6f6986dbfe8dc66d,2025-01-27T11:06:39Z,QC.Lic,100%
76fb1d85eedf9d2826a8fe2a6f6986dbfe8dc66d,2025-01-27T11:06:39Z,QC.Met,100%
76fb1d85eedf9d2826a8fe2a6f6986dbfe8dc66d,2025-01-27T11:06:39Z,QC.Sec,100%
76fb1d85eedf9d2826a8fe2a6f6986dbfe8dc66d,2025-01-27T11:06:39Z,QC.Sty,0%
76fb1d85eedf9d2826a8fe2a6f6986dbfe8dc66d,2025-01-27T11:06:39Z,QC.Uni,0%
76fb1d85eedf9d2826a8fe2a6f6986dbfe8dc66d,2025-01-27T11:06:39Z,QC.Ver,33%
c762882a92c21acc7da4ac70937d6afda0423153,2025-01-31T09:44:46Z,QC.Acc,100%
c762882a92c21acc7da4ac70937d6afda0423153,2025-01-31T09:44:46Z,QC.Doc,80%
c762882a92c21acc7da4ac70937d6afda0423153,2025-01-31T09:44:46Z,QC.Lic,100%
c762882a92c21acc7da4ac70937d6afda0423153,2025-01-31T09:44:46Z,QC.Met,100%
c762882a92c21acc7da4ac70937d6afda0423153,2025-01-31T09:44:46Z,QC.Sec,100%
c762882a92c21acc7da4ac70937d6afda0423153,2025-01-31T09:44:46Z,QC.Sty,0%
c762882a92c21acc7da4ac70937d6afda0423153,2025-01-31T09:44:46Z,QC.Uni,0%
c762882a92c21acc7da4ac70937d6afda0423153,2025-01-31T09:44:46Z,QC.Ver,33%
170d8a4e5c5391e1b62d725fc5fefe46476d1054,2025-02-04T17:49:34Z,QC.Acc,100%
170d8a4e5c5391e1b62d725fc5fefe46476d1054,2025-02-04T17:49:34Z,QC.Doc,80%
170d8a4e5c5391e1b62d725fc5fefe46476d1054,2025-02-04T17:49:34Z,QC.Lic,100%
170d8a4e5c5391e1b62d725fc5fefe46476d1054,2025-02-04T17:49:34Z,QC.Met,100%
170d8a4e5c5391e1b62d725fc5fefe46476d1054,2025-02-04T17:49:34Z,QC.Sec,100%
170d8a4e5c5391e1b62d725fc5fefe46476d1054,2025-02-04T17:49:34Z,QC.Sty,0%
170d8a4e5c5391e1b62d725fc5fefe46476d1054,2025-02-04T17:49:34Z,QC.Uni,0%
170d8a4e5c5391e1b62d725fc5fefe46476d1054,2025-02-04T17:49:34Z,QC.Ver,33%
2ea87cf3b5edde191cb2c245367e3a2c66af94d2,2025-02-05T11:09:21Z,QC.Acc,100%
2ea87cf3b5edde191cb2c245367e3a2c66af94d2,2025-02-05T11:09:21Z,QC.Doc,80%
2ea87cf3b5edde191cb2c245367e3a2c66af94d2,2025-02-05T11:09:21Z,QC.Lic,100%
2ea87cf3b5edde191cb2c245367e3a2c66af94d2,2025-02-05T11:09:21Z,QC.Met,100%
2ea87cf3b5edde191cb2c245367e3a2c66af94d2,2025-02-05T11:09:21Z,QC.Sec,100%
2ea87cf3b5edde191cb2c245367e3a2c66af94d2,2025-02-05T11:09:21Z,QC.Sty,0%
2ea87cf3b5edde191cb2c245367e3a2c66af94d2,2025-02-05T11:09:21Z,QC.Uni,0%
2ea87cf3b5edde191cb2c245367e3a2c66af94d2,2025-02-05T11:09:21Z,QC.Ver,33%
6af3c643baac552f022949d3250832c5aaf569bb,2025-02-05T18:01:52Z,QC.Acc,100%
6af3c643baac552f022949d3250832c5aaf569bb,2025-02-05T18:01:52Z,QC.Doc,80%
6af3c643baac552f022949d3250832c5aaf569bb,2025-02-05T18:01:52Z,QC.Lic,100%
6af3c643baac552f022949d3250832c5aaf569bb,2025-02-05T18:01:52Z,QC.Met,100%
6af3c643baac552f022949d3250832c5aaf569bb,2025-02-05T18:01:52Z,QC.Sec,100%
6af3c643baac552f022949d3250832c5aaf569bb,2025-02-05T18:01:52Z,QC.Sty,0%
6af3c643baac552f022949d3250832c5aaf569bb,2025-02-05T18:01:52Z,QC.Uni,0%
6af3c643baac552f022949d3250832c5aaf569bb,2025-02-05T18:01:52Z,QC.Ver,33%
2a1d1b45e6c060bcc4266b9d56dc3408a02b9983,2025-02-07T17:13:50Z,QC.Acc,100%
2a1d1b45e6c060bcc4266b9d56dc3408a02b9983,2025-02-07T17:13:50Z,QC.Doc,80%
2a1d1b45e6c060bcc4266b9d56dc3408a02b9983,2025-02-07T17:13:50Z,QC.Lic,100%
2a1d1b45e6c060bcc4266b9d56dc3408a02b9983,2025-02-07T17:13:50Z,QC.Met,100%
2a1d1b45e6c060bcc4266b9d56dc3408a02b9983,2025-02-07T17:13:50Z,QC.Sec,100%
2a1d1b45e6c060bcc4266b9d56dc3408a02b9983,2025-02-07T17:13:50Z,QC.Sty,0%
2a1d1b45e6c060bcc4266b9d56dc3408a02b9983,2025-02-07T17:13:50Z,QC.Uni,0%
2a1d1b45e6c060bcc4266b9d56dc3408a02b9983,2025-02-07T17:13:50Z,QC.Ver,33%
0b329a97600c02f21f19698d741368f84e2946d1,2025-02-11T15:00:21Z,QC.Acc,100%
0b329a97600c02f21f19698d741368f84e2946d1,2025-02-11T15:00:21Z,QC.Doc,80%
0b329a97600c02f21f19698d741368f84e2946d1,2025-02-11T15:00:21Z,QC.Lic,100%
0b329a97600c02f21f19698d741368f84e2946d1,2025-02-11T15:00:21Z,QC.Met,100%
0b329a97600c02f21f19698d741368f84e2946d1,2025-02-11T15:00:21Z,QC.Sec,100%
0b329a97600c02f21f19698d741368f84e2946d1,2025-02-11T15:00:21Z,QC.Sty,0%
0b329a97600c02f21f19698d741368f84e2946d1,2025-02-11T15:00:21Z,QC.Uni,0%
0b329a97600c02f21f19698d741368f84e2946d1,2025-02-11T15:00:21Z,QC.Ver,33%
02d708cc8fac445844ab84efb875c7b286aa7bfa,2025-02-20T07:32:21Z,QC.Acc,100%
02d708cc8fac445844ab84efb875c7b286aa7bfa,2025-02-20T07:32:21Z,QC.Doc,80%
02d708cc8fac445844ab84efb875c7b286aa7bfa,2025-02-20T07:32:21Z,QC.Lic,100%
02d708cc8fac445844ab84efb875c7b286aa7bfa,2025-02-20T07:32:21Z,QC.Met,100%
02d708cc8fac445844ab84efb875c7b286aa7bfa,2025-02-20T07:32:21Z,QC.Sec,100%
02d708cc8fac445844ab84efb875c7b286aa7bfa,2025-02-20T07:32:21Z,QC.Sty,0%
02d708cc8fac445844ab84efb875c7b286aa7bfa,2025-02-20T07:32:21Z,QC.Uni,0%
02d708cc8fac445844ab84efb875c7b286aa7bfa,2025-02-20T07:32:21Z,QC.Ver,33%
2580e240b9bc090c56dfd31277c646583b46297d,2025-03-03T19:31:50Z,QC.Acc,100%
2580e240b9bc090c56dfd31277c646583b46297d,2025-03-03T19:31:50Z,QC.Doc,80%
2580e240b9bc090c56dfd31277c646583b46297d,2025-03-03T19:31:50Z,QC.Lic,100%
2580e240b9bc090c56dfd31277c646583b46297d,2025-03-03T19:31:50Z,QC.Met,100%
2580e240b9bc090c56dfd31277c646583b46297d,2025-03-03T19:31:50Z,QC.Sec,100%
2580e240b9bc090c56dfd31277c646583b46297d,2025-03-03T19:31:50Z,QC.Sty,0%
2580e240b9bc090c56dfd31277c646583b46297d,2025-03-03T19:31:50Z,QC.Uni,0%
2580e240b9bc090c56dfd31277c646583b46297d,2025-03-03T19:31:50Z,QC.Ver,33%
ec1243e17725c18edcecc89f3848800eb66a9bfc,2025-03-03T19:34:13Z,QC.Acc,100%
ec1243e17725c18edcecc89f3848800eb66a9bfc,2025-03-03T19:34:13Z,QC.Doc,80%
ec1243e17725c18edcecc89f3848800eb66a9bfc,2025-03-03T19:34:13Z,QC.Lic,100%
ec1243e17725c18edcecc89f3848800eb66a9bfc,2025-03-03T19:34:13Z,QC.Met,100%
ec1243e17725c18edcecc89f3848800eb66a9bfc,2025-03-03T19:34:13Z,QC.Sec,100%
ec1243e17725c18edcecc89f3848800eb66a9bfc,2025-03-03T19:34:13Z,QC.Sty,0%
ec1243e17725c18edcecc89f3848800eb66a9bfc,2025-03-03T19:34:13Z,QC.Uni,0%
ec1243e17725c18edcecc89f3848800eb66a9bfc,2025-03-03T19:34:13Z,QC.Ver,33%
14b236b662e52f5486e7ab1e94bf00218ccb160f,2025-03-07T10:11:58Z,QC.Acc,100%
14b236b662e52f5486e7ab1e94bf00218ccb160f,2025-03-07T10:11:58Z,QC.Doc,80%
14b236b662e52f5486e7ab1e94bf00218ccb160f,2025-03-07T10:11:58Z,QC.Lic,100%
14b236b662e52f5486e7ab1e94bf00218ccb160f,2025-03-07T10:11:58Z,QC.Met,100%
14b236b662e52f5486e7ab1e94bf00218ccb160f,2025-03-07T10:11:58Z,QC.Sec,100%
14b236b662e52f5486e7ab1e94bf00218ccb160f,2025-03-07T10:11:58Z,QC.Sty,0%
14b236b662e52f5486e7ab1e94bf00218ccb160f,2025-03-07T10:11:58Z,QC.Uni,0%
14b236b662e52f5486e7ab1e94bf00218ccb160f,2025-03-07T10:11:58Z,QC.Ver,33%
48df37b003555a9499868b9834fcaf9d7293319a,2025-03-12T09:51:22Z,QC.Acc,100%
48df37b003555a9499868b9834fcaf9d7293319a,2025-03-12T09:51:22Z,QC.Doc,80%
48df37b003555a9499868b9834fcaf9d7293319a,2025-03-12T09:51:22Z,QC.Lic,100%
48df37b003555a9499868b9834fcaf9d7293319a,2025-03-12T09:51:22Z,QC.Met,100%
48df37b003555a9499868b9834fcaf9d7293319a,2025-03-12T09:51:22Z,QC.Sec,100%
48df37b003555a9499868b9834fcaf9d7293319a,2025-03-12T09:51:22Z,QC.Sty,0%
48df37b003555a9499868b9834fcaf9d7293319a,2025-03-12T09:51:22Z,QC.Uni,0%
48df37b003555a9499868b9834fcaf9d7293319a,2025-03-12T09:51:22Z,QC.Ver,33%
bf770d3b006561c33099219c5c464d8d0d483124,2025-03-25T10:53:58Z,QC.Acc,100%
bf770d3b006561c33099219c5c464d8d0d483124,2025-03-25T10:53:58Z,QC.Doc,80%
bf770d3b006561c33099219c5c464d8d0d483124,2025-03-25T10:53:58Z,QC.Lic,100%
bf770d3b006561c33099219c5c464d8d0d483124,2025-03-25T10:53:58Z,QC.Met,100%
bf770d3b006561c33099219c5c464d8d0d483124,2025-03-25T10:53:58Z,QC.Sec,100%
bf770d3b006561c33099219c5c464d8d0d483124,2025-03-25T10:53:58Z,QC.Sty,0%
bf770d3b006561c33099219c5c464d8d0d483124,2025-03-25T10:53:58Z,QC.Uni,0%
bf770d3b006561c33099219c5c464d8d0d483124,2025-03-25T10:53:58Z,QC.Ver,33%
d09bb91986533113840e908bfabe369e58feaeda,2025-03-26T15:41:23Z,QC.Acc,100%
d09bb91986533113840e908bfabe369e58feaeda,2025-03-26T15:41:23Z,QC.Doc,80%
d09bb91986533113840e908bfabe369e58feaeda,2025-03-26T15:41:23Z,QC.Lic,100%
d09bb91986533113840e908bfabe369e58feaeda,2025-03-26T15:41:23Z,QC.Met,100%
d09bb91986533113840e908bfabe369e58feaeda,2025-03-26T15:41:23Z,QC.Sec,100%
d09bb91986533113840e908bfabe369e58feaeda,2025-03-26T15:41:23Z,QC.Sty,0%
d09bb91986533113840e908bfabe369e58feaeda,2025-03-26T15:41:23Z,QC.Uni,0%
d09bb91986533113840e908bfabe369e58feaeda,2025-03-26T15:41:23Z,QC.Ver,33%
2ac9522ffed619f6f5e13dea210b7b8fab2aedac,2025-03-26T15:47:34Z,QC.Acc,100%
2ac9522ffed619f6f5e13dea210b7b8fab2aedac,2025-03-26T15:47:34Z,QC.Doc,80%
2ac9522ffed619f6f5e13dea210b7b8fab2aedac,2025-03-26T15:47:34Z,QC.Lic,100%
2ac9522ffed619f6f5e13dea210b7b8fab2aedac,2025-03-26T15:47:34Z,QC.Met,100%
2ac9522ffed619f6f5e13dea210b7b8fab2aedac,2025-03-26T15:47:34Z,QC.Sec,100%
2ac9522ffed619f6f5e13dea210b7b8fab2aedac,2025-03-26T15:47:34Z,QC.Sty,0%
2ac9522ffed619f6f5e13dea210b7b8fab2aedac,2025-03-26T15:47:34Z,QC.Uni,0%
2ac9522ffed619f6f5e13dea210b7b8fab2aedac,2025-03-26T15:47:34Z,QC.Ver,33%
1a7aaab0ae769e6c05e550571a0e3233dff4695c,2025-03-27T10:56:21Z,QC.Acc,100%
1a7aaab0ae769e6c05e550571a0e3233dff4695c,2025-03-27T10:56:21Z,QC.Doc,80%
1a7aaab0ae769e6c05e550571a0e3233dff4695c,2025-03-27T10:56:21Z,QC.Lic,100%
1a7aaab0ae769e6c05e550571a0e3233dff4695c,2025-03-27T10:56:21Z,QC.Met,100%
1a7aaab0ae769e6c05e550571a0e3233dff4695c,2025-03-27T10:56:21Z,QC.Sec,100%
1a7aaab0ae769e6c05e550571a0e3233dff4695c,2025-03-27T10:56:21Z,QC.Sty,0%
1a7aaab0ae769e6c05e550571a0e3233dff4695c,2025-03-27T10:56:21Z,QC.Uni,0%
1a7aaab0ae769e6c05e550571a0e3233dff4695c,2025-03-27T10:56:21Z,QC.Ver,33%
4090b3affd45f10d56ae55c6f080d521863b23ce,2025-03-27T12:17:58Z,QC.Acc,100%
4090b3affd45f10d56ae55c6f080d521863b23ce,2025-03-27T12:17:58Z,QC.Doc,80%
4090b3affd45f10d56ae55c6f080d521863b23ce,2025-03-27T12:17:58Z,QC.Lic,100%
4090b3affd45f10d56ae55c6f080d521863b23ce,2025-03-27T12:17:58Z,QC.Met,100%
4090b3affd45f10d56ae55c6f080d521863b23ce,2025-03-27T12:17:58Z,QC.Sec,100%
4090b3affd45f10d56ae55c6f080d521863b23ce,2025-03-27T12:17:58Z,QC.Sty,0%
4090b3affd45f10d56ae55c6f080d521863b23ce,2025-03-27T12:17:58Z,QC.Uni,0%
4090b3affd45f10d56ae55c6f080d521863b23ce,2025-03-27T12:17:58Z,QC.Ver,33%
3076fa36813e33d6a062f6999874705069c84621,2025-03-27T15:03:00Z,QC.Acc,100%
3076fa36813e33d6a062f6999874705069c84621,2025-03-27T15:03:00Z,QC.Doc,80%
3076fa36813e33d6a062f6999874705069c84621,2025-03-27T15:03:00Z,QC.Lic,100%
3076fa36813e33d6a062f6999874705069c84621,2025-03-27T15:03:00Z,QC.Met,100%
3076fa36813e33d6a062f6999874705069c84621,2025-03-27T15:03:00Z,QC.Sec,100%
3076fa36813e33d6a062f6999874705069c84621,2025-03-27T15:03:00Z,QC.Sty,0%
3076fa36813e33d6a062f6999874705069c84621,2025-03-27T15:03:00Z,QC.Uni,0%
3076fa36813e33d6a062f6999874705069c84621,2025-03-27T15:03:00Z,QC.Ver,33%
0c07f7f87e31bba64cd9f617888f113bf0ce2c52,2025-04-01T10:22:37Z,QC.Acc,100%
0c07f7f87e31bba64cd9f617888f113bf0ce2c52,2025-04-01T10:22:37Z,QC.Doc,80%
0c07f7f87e31bba64cd9f617888f113bf0ce2c52,2025-04-01T10:22:37Z,QC.Lic,100%
0c07f7f87e31bba64cd9f617888f113bf0ce2c52,2025-04-01T10:22:37Z,QC.Met,100%
0c07f7f87e31bba64cd9f617888f113bf0ce2c52,2025-04-01T10:22:37Z,QC.Sec,100%
0c07f7f87e31bba64cd9f617888f113bf0ce2c52,2025-04-01T10:22:37Z,QC.Sty,0%
0c07f7f87e31bba64cd9f617888f113bf0ce2c52,2025-04-01T10:22:37Z,QC.Uni,0%
0c07f7f87e31bba64cd9f617888f113bf0ce2c52,2025-04-01T10:22:37Z,QC.Ver,33%
dbd6c9c8568026b9d088677ab9de39897ec5225d,2025-05-26T14:05:36Z,QC.Acc,100%
dbd6c9c8568026b9d088677ab9de39897ec5225d,2025-05-26T14:05:36Z,QC.Doc,80%
dbd6c9c8568026b9d088677ab9de39897ec5225d,2025-05-26T14:05:36Z,QC.Lic,100%
dbd6c9c8568026b9d088677ab9de39897ec5225d,2025-05-26T14:05:36Z,QC.Met,100%
dbd6c9c8568026b9d088677ab9de39897ec5225d,2025-05-26T14:05:36Z,QC.Sec,100%
dbd6c9c8568026b9d088677ab9de39897ec5225d,2025-05-26T14:05:36Z,QC.Sty,0%
dbd6c9c8568026b9d088677ab9de39897ec5225d,2025-05-26T14:05:36Z,QC.Uni,0%
dbd6c9c8568026b9d088677ab9de39897ec5225d,2025-05-26T14:05:36Z,QC.Ver,33%
b3f2ca5b979a4b014402f256df9174150d51b7d6,2025-06-13T16:53:41Z,QC.Acc,100%
b3f2ca5b979a4b014402f256df9174150d51b7d6,2025-06-13T16:53:41Z,QC.Doc,80%
b3f2ca5b979a4b014402f256df9174150d51b7d6,2025-06-13T16:53:41Z,QC.Lic,100%
b3f2ca5b979a4b014402f256df9174150d51b7d6,2025-06-13T16:53:41Z,QC.Met,100%
b3f2ca5b979a4b014402f256df9174150d51b7d6,2025-06-13T16:53:41Z,QC.Sec,100%
b3f2ca5b979a4b014402f256df9174150d51b7d6,2025-06-13T16:53:41Z,QC.Sty,0%
b3f2ca5b979a4b014402f256df9174150d51b7d6,2025-06-13T16:53:41Z,QC.Uni,0%
b3f2ca5b979a4b014402f256df9174150d51b7d6,2025-06-13T16:53:41Z,QC.Ver,33%
358eef0b132b381c1378330cd071ba31f01a7f0e,2025-06-18T08:52:41Z,QC.Acc,100%
358eef0b132b381c1378330cd071ba31f01a7f0e,2025-06-18T08:52:41Z,QC.Doc,80%
358eef0b132b381c1378330cd071ba31f01a7f0e,2025-06-18T08:52:41Z,QC.Lic,100%
358eef0b132b381c1378330cd071ba31f01a7f0e,2025-06-18T08:52:41Z,QC.Met,100%
358eef0b132b381c1378330cd071ba31f01a7f0e,2025-06-18T08:52:41Z,QC.Sec,100%
358eef0b132b381c1378330cd071ba31f01a7f0e,2025-06-18T08:52:41Z,QC.Sty,0%
358eef0b132b381c1378330cd071ba31f01a7f0e,2025-06-18T08:52:41Z,QC.Uni,0%
358eef0b132b381c1378330cd071ba31f01a7f0e,2025-06-18T08:52:41Z,QC.Ver,33%
05dab5665ce60e547fc18f56c36cd911418755ec,2025-06-18T13:40:12Z,QC.Acc,100%
05dab5665ce60e547fc18f56c36cd911418755ec,2025-06-18T13:40:12Z,QC.Doc,80%
05dab5665ce60e547fc18f56c36cd911418755ec,2025-06-18T13:40:12Z,QC.Lic,100%
05dab5665ce60e547fc18f56c36cd911418755ec,2025-06-18T13:40:12Z,QC.Met,100%
05dab5665ce60e547fc18f56c36cd911418755ec,2025-06-18T13:40:12Z,QC.Sec,100%
05dab5665ce60e547fc18f56c36cd911418755ec,2025-06-18T13:40:12Z,QC.Sty,0%
05dab5665ce60e547fc18f56c36cd911418755ec,2025-06-18T13:40:12Z,QC.Uni,0%
05dab5665ce60e547fc18f56c36cd911418755ec,2025-06-18T13:40:12Z,QC.Ver,33%
b7eb65a79587f3c519780f63d34a18366bd24f4f,2025-06-20T13:24:58Z,QC.Acc,100%
b7eb65a79587f3c519780f63d34a18366bd24f4f,2025-06-20T13:24:58Z,QC.Doc,80%
b7eb65a79587f3c519780f63d34a18366bd24f4f,2025-06-20T13:24:58Z,QC.Lic,100%
b7eb65a79587f3c519780f63d34a18366bd24f4f,2025-06-20T13:24:58Z,QC.Met,100%
b7eb65a79587f3c519780f63d34a18366bd24f4f,2025-06-20T13:24:58Z,QC.Sec,100%
b7eb65a79587f3c519780f63d34a18366bd24f4f,2025-06-20T13:24:58Z,QC.Sty,0%
b7eb65a79587f3c519780f63d34a18366bd24f4f,2025-06-20T13:24:58Z,QC.Uni,0%
b7eb65a79587f3c519780f63d34a18366bd24f4f,2025-06-20T13:24:58Z,QC.Ver,33%
e8f4c780324339574f0a35cccc43df24b01e7065,2025-06-23T16:31:52Z,QC.Acc,100%
e8f4c780324339574f0a35cccc43df24b01e7065,2025-06-23T16:31:52Z,QC.Doc,80%
e8f4c780324339574f0a35cccc43df24b01e7065,2025-06-23T16:31:52Z,QC.Lic,100%
e8f4c780324339574f0a35cccc43df24b01e7065,2025-06-23T16:31:52Z,QC.Met,100%
e8f4c780324339574f0a35cccc43df24b01e7065,2025-06-23T16:31:52Z,QC.Sec,100%
e8f4c780324339574f0a35cccc43df24b01e7065,2025-06-23T16:31:52Z,QC.Sty,0%
e8f4c780324339574f0a35cccc43df24b01e7065,2025-06-23T16:31:52Z,QC.Uni,0%
e8f4c780324339574f0a35cccc43df24b01e7065,2025-06-23T16:31:52Z,QC.Ver,33%
7b5bcb5a4c37a9e7f046bc734c3792411b07fb8b,2025-06-25T15:31:35Z,QC.Acc,100%
7b5bcb5a4c37a9e7f046bc734c3792411b07fb8b,2025-06-25T15:31:35Z,QC.Doc,80%
7b5bcb5a4c37a9e7f046bc734c3792411b07fb8b,2025-06-25T15:31:35Z,QC.Lic,100%
7b5bcb5a4c37a9e7f046bc734c3792411b07fb8b,2025-06-25T15:31:35Z,QC.Met,100%
7b5bcb5a4c37a9e7f046bc734c3792411b07fb8b,2025-06-25T15:31:35Z,QC.Sec,100%
7b5bcb5a4c37a9e7f046bc734c3792411b07fb8b,2025-06-25T15:31:35Z,QC.Sty,0%
7b5bcb5a4c37a9e7f046bc734c3792411b07fb8b,2025-06-25T15:31:35Z,QC.Uni,0%
7b5bcb5a4c37a9e7f046bc734c3792411b07fb8b,2025-06-25T15:31:35Z,QC.Ver,33%
4844c3f6fb503a7c70fc971cd720de03453c72b4,2025-06-27T17:50:28Z,QC.Acc,100%
4844c3f6fb503a7c70fc971cd720de03453c72b4,2025-06-27T17:50:28Z,QC.Doc,80%
4844c3f6fb503a7c70fc971cd720de03453c72b4,2025-06-27T17:50:28Z,QC.Lic,100%
4844c3f6fb503a7c70fc971cd720de03453c72b4,2025-06-27T17:50:28Z,QC.Met,100%
4844c3f6fb503a7c70fc971cd720de03453c72b4,2025-06-27T17:50:28Z,QC.Sec,100%
4844c3f6fb503a7c70fc971cd720de03453c72b4,2025-06-27T17:50:28Z,QC.Sty,0%
4844c3f6fb503a7c70fc971cd720de03453c72b4,2025-06-27T17:50:28Z,QC.Uni,0%
4844c3f6fb503a7c70fc971cd720de03453c72b4,2025-06-27T17:50:28Z,QC.Ver,33%
73dd46f9e312f303e554071292eab35b9a850e5a,2025-06-30T13:42:46Z,QC.Acc,100%
73dd46f9e312f303e554071292eab35b9a850e5a,2025-06-30T13:42:46Z,QC.Doc,80%
73dd46f9e312f303e554071292eab35b9a850e5a,2025-06-30T13:42:46Z,QC.Lic,100%
73dd46f9e312f303e554071292eab35b9a850e5a,2025-06-30T13:42:46Z,QC.Met,100%
73dd46f9e312f303e554071292eab35b9a850e5a,2025-06-30T13:42:46Z,QC.Sec,100%
73dd46f9e312f303e554071292eab35b9a850e5a,2025-06-30T13:42:46Z,QC.Sty,0%
73dd46f9e312f303e554071292eab35b9a850e5a,2025-06-30T13:42:46Z,QC.Uni,0%
73dd46f9e312f303e554071292eab35b9a850e5a,2025-06-30T13:42:46Z,QC.Ver,33%
513238268c762f288a9c2de7ccc5230bb5b950fc,2025-07-02T18:30:03Z,QC.Acc,100%
513238268c762f288a9c2de7ccc5230bb5b950fc,2025-07-02T18:30:03Z,QC.Doc,80%
513238268c762f288a9c2de7ccc5230bb5b950fc,2025-07-02T18:30:03Z,QC.Lic,100%
513238268c762f288a9c2de7ccc5230bb5b950fc,2025-07-02T18:30:03Z,QC.Met,100%
513238268c762f288a9c2de7ccc5230bb5b950fc,2025-07-02T18:30:03Z,QC.Sec,100%
513238268c762f288a9c2de7ccc5230bb5b950fc,2025-07-02T18:30:03Z,QC.Sty,0%
513238268c762f288a9c2de7ccc5230bb5b950fc,2025-07-02T18:30:03Z,QC.Uni,0%
513238268c762f288a9c2de7ccc5230bb5b950fc,2025-07-02T18:30:03Z,QC.Ver,33%
8cf7fb31fc93878f680457cf83766e52d1a08fdc,2025-07-03T10:44:41Z,QC.Acc,100%
8cf7fb31fc93878f680457cf83766e52d1a08fdc,2025-07-03T10:44:41Z,QC.Doc,80%
8cf7fb31fc93878f680457cf83766e52d1a08fdc,2025-07-03T10:44:41Z,QC.Lic,100%
8cf7fb31fc93878f680457cf83766e52d1a08fdc,2025-07-03T10:44:41Z,QC.Met,100%
8cf7fb31fc93878f680457cf83766e52d1a08fdc,2025-07-03T10:44:41Z,QC.Sec,100%
8cf7fb31fc93878f680457cf83766e52d1a08fdc,2025-07-03T10:44:41Z,QC.Sty,0%
8cf7fb31fc93878f680457cf83766e52d1a08fdc,2025-07-03T10:44:41Z,QC.Uni,0%
8cf7fb31fc93878f680457cf83766e52d1a08fdc,2025-07-03T10:44:41Z,QC.Ver,33%
53bd79f6b230d28ccc614fc72f4f6e3f35221aa8,2025-07-03T14:11:32Z,QC.Acc,100%
53bd79f6b230d28ccc614fc72f4f6e3f35221aa8,2025-07-03T14:11:32Z,QC.Doc,80%
53bd79f6b230d28ccc614fc72f4f6e3f35221aa8,2025-07-03T14:11:32Z,QC.Lic,100%
53bd79f6b230d28ccc614fc72f4f6e3f35221aa8,2025-07-03T14:11:32Z,QC.Met,100%
53bd79f6b230d28ccc614fc72f4f6e3f35221aa8,2025-07-03T14:11:32Z,QC.Sec,100%
53bd79f6b230d28ccc614fc72f4f6e3f35221aa8,2025-07-03T14:11:32Z,QC.Sty,0%
53bd79f6b230d28ccc614fc72f4f6e3f35221aa8,2025-07-03T14:11:32Z,QC.Uni,0%
53bd79f6b230d28ccc614fc72f4f6e3f35221aa8,2025-07-03T14:11:32Z,QC.Ver,33%
05d6e108e6b5528d01277bb358df04d3a75106ec,2025-07-03T14:27:29Z,QC.Acc,100%
05d6e108e6b5528d01277bb358df04d3a75106ec,2025-07-03T14:27:29Z,QC.Doc,80%
05d6e108e6b5528d01277bb358df04d3a75106ec,2025-07-03T14:27:29Z,QC.Lic,100%
05d6e108e6b5528d01277bb358df04d3a75106ec,2025-07-03T14:27:29Z,QC.Met,100%
05d6e108e6b5528d01277bb358df04d3a75106ec,2025-07-03T14:27:29Z,QC.Sec,100%
05d6e108e6b5528d01277bb358df04d3a75106ec,2025-07-03T14:27:29Z,QC.Sty,0%
05d6e108e6b5528d01277bb358df04d3a75106ec,2025-07-03T14:27:29Z,QC.Uni,0%
05d6e108e6b5528d01277bb358df04d3a75106ec,2025-07-03T14:27:29Z,QC.Ver,33%
99f94e1e85aba47db58d8c1fcb34ab68a423d3a7,2025-07-07T13:50:06Z,QC.Acc,100%
99f94e1e85aba47db58d8c1fcb34ab68a423d3a7,2025-07-07T13:50:06Z,QC.Doc,80%
99f94e1e85aba47db58d8c1fcb34ab68a423d3a7,2025-07-07T13:50:06Z,QC.Lic,100%
99f94e1e85aba47db58d8c1fcb34ab68a423d3a7,2025-07-07T13:50:06Z,QC.Met,100%
99f94e1e85aba47db58d8c1fcb34ab68a423d3a7,2025-07-07T13:50:06Z,QC.Sec,100%
99f94e1e85aba47db58d8c1fcb34ab68a423d3a7,2025-07-07T13:50:06Z,QC.Sty,0%
99f94e1e85aba47db58d8c1fcb34ab68a423d3a7,2025-07-07T13:50:06Z,QC.Uni,0%
99f94e1e85aba47db58d8c1fcb34ab68a423d3a7,2025-07-07T13:50:06Z,QC.Ver,33%
da6b3e3d00d25328c20207dca4cdf63b99aea47c,2025-07-10T15:47:58Z,QC.Acc,100%
da6b3e3d00d25328c20207dca4cdf63b99aea47c,2025-07-10T15:47:58Z,QC.Doc,80%
da6b3e3d00d25328c20207dca4cdf63b99aea47c,2025-07-10T15:47:58Z,QC.Lic,100%
da6b3e3d00d25328c20207dca4cdf63b99aea47c,2025-07-10T15:47:58Z,QC.Met,100%
da6b3e3d00d25328c20207dca4cdf63b99aea47c,2025-07-10T15:47:58Z,QC.Sec,100%
da6b3e3d00d25328c20207dca4cdf63b99aea47c,2025-07-10T15:47:58Z,QC.Sty,0%
da6b3e3d00d25328c20207dca4cdf63b99aea47c,2025-07-10T15:47:58Z,QC.Uni,0%
da6b3e3d00d25328c20207dca4cdf63b99aea47c,2025-07-10T15:47:58Z,QC.Ver,33%
6b705ce84c89e73594532d038d6234caef69996d,2025-07-10T15:53:37Z,QC.Acc,100%
6b705ce84c89e73594532d038d6234caef69996d,2025-07-10T15:53:37Z,QC.Doc,80%
6b705ce84c89e73594532d038d6234caef69996d,2025-07-10T15:53:37Z,QC.Lic,100%
6b705ce84c89e73594532d038d6234caef69996d,2025-07-10T15:53:37Z,QC.Met,100%
6b705ce84c89e73594532d038d6234caef69996d,2025-07-10T15:53:37Z,QC.Sec,100%
6b705ce84c89e73594532d038d6234caef69996d,2025-07-10T15:53:37Z,QC.Sty,0%
6b705ce84c89e73594532d038d6234caef69996d,2025-07-10T15:53:37Z,QC.Uni,0%
6b705ce84c89e73594532d038d6234caef69996d,2025-07-10T15:53:37Z,QC.Ver,33%
e5842960a84b66ac851cc6a4ee0ffa4093eccdea,2025-07-11T13:11:45Z,QC.Acc,100%
e5842960a84b66ac851cc6a4ee0ffa4093eccdea,2025-07-11T13:11:45Z,QC.Doc,80%
e5842960a84b66ac851cc6a4ee0ffa4093eccdea,2025-07-11T13:11:45Z,QC.Lic,100%
e5842960a84b66ac851cc6a4ee0ffa4093eccdea,2025-07-11T13:11:45Z,QC.Met,100%
e5842960a84b66ac851cc6a4ee0ffa4093eccdea,2025-07-11T13:11:45Z,QC.Sec,100%
e5842960a84b66ac851cc6a4ee0ffa4093eccdea,2025-07-11T13:11:45Z,QC.Sty,0%
e5842960a84b66ac851cc6a4ee0ffa4093eccdea,2025-07-11T13:11:45Z,QC.Uni,0%
e5842960a84b66ac851cc6a4ee0ffa4093eccdea,2025-07-11T13:11:45Z,QC.Ver,33%
a20bd15128334eed1296ca8f409f2b9180fc9eaf,2025-07-15T14:03:04Z,QC.Acc,100%
a20bd15128334eed1296ca8f409f2b9180fc9eaf,2025-07-15T14:03:04Z,QC.Doc,80%
a20bd15128334eed1296ca8f409f2b9180fc9eaf,2025-07-15T14:03:04Z,QC.Lic,100%
a20bd15128334eed1296ca8f409f2b9180fc9eaf,2025-07-15T14:03:04Z,QC.Met,100%
a20bd15128334eed1296ca8f409f2b9180fc9eaf,2025-07-15T14:03:04Z,QC.Sec,100%
a20bd15128334eed1296ca8f409f2b9180fc9eaf,2025-07-15T14:03:04Z,QC.Sty,0%
a20bd15128334eed1296ca8f409f2b9180fc9eaf,2025-07-15T14:03:04Z,QC.Uni,0%
a20bd15128334eed1296ca8f409f2b9180fc9eaf,2025-07-15T14:03:04Z,QC.Ver,33%
a48b1a5780360298a3545389734de7747b19f3b2,2025-07-16T08:56:45Z,QC.Acc,100%
a48b1a5780360298a3545389734de7747b19f3b2,2025-07-16T08:56:45Z,QC.Doc,80%
a48b1a5780360298a3545389734de7747b19f3b2,2025-07-16T08:56:45Z,QC.Lic,100%
a48b1a5780360298a3545389734de7747b19f3b2,2025-07-16T08:56:45Z,QC.Met,100%
a48b1a5780360298a3545389734de7747b19f3b2,2025-07-16T08:56:45Z,QC.Sec,100%
a48b1a5780360298a3545389734de7747b19f3b2,2025-07-16T08:56:45Z,QC.Sty,0%
a48b1a5780360298a3545389734de7747b19f3b2,2025-07-16T08:56:45Z,QC.Uni,0%
a48b1a5780360298a3545389734de7747b19f3b2,2025-07-16T08:56:45Z,QC.Ver,33%
31e7b6779a40e6c3d03a07930106a6bcf2801d8f,2025-07-16T10:07:51Z,QC.Acc,100%
31e7b6779a40e6c3d03a07930106a6bcf2801d8f,2025-07-16T10:07:51Z,QC.Doc,80%
31e7b6779a40e6c3d03a07930106a6bcf2801d8f,2025-07-16T10:07:51Z,QC.Lic,100%
31e7b6779a40e6c3d03a07930106a6bcf2801d8f,2025-07-16T10:07:51Z,QC.Met,100%
31e7b6779a40e6c3d03a07930106a6bcf2801d8f,2025-07-16T10:07:51Z,QC.Sec,100%
31e7b6779a40e6c3d03a07930106a6bcf2801d8f,2025-07-16T10:07:51Z,QC.Sty,0%
31e7b6779a40e6c3d03a07930106a6bcf2801d8f,2025-07-16T10:07:51Z,QC.Uni,0%
31e7b6779a40e6c3d03a07930106a6bcf2801d8f,2025-07-16T10:07:51Z,QC.Ver,33%
d2a72ec0349110355e8898ddb29f77ad2e0ccaed,2025-07-23T07:47:14Z,QC.Acc,100%
d2a72ec0349110355e8898ddb29f77ad2e0ccaed,2025-07-23T07:47:14Z,QC.Doc,80%
d2a72ec0349110355e8898ddb29f77ad2e0ccaed,2025-07-23T07:47:14Z,QC.Lic,100%
d2a72ec0349110355e8898ddb29f77ad2e0ccaed,2025-07-23T07:47:14Z,QC.Met,100%
d2a72ec0349110355e8898ddb29f77ad2e0ccaed,2025-07-23T07:47:14Z,QC.Sec,100%
d2a72ec0349110355e8898ddb29f77ad2e0ccaed,2025-07-23T07:47:14Z,QC.Sty,0%
d2a72ec0349110355e8898ddb29f77ad2e0ccaed,2025-07-23T07:47:14Z,QC.Uni,0%
d2a72ec0349110355e8898ddb29f77ad2e0ccaed,2025-07-23T07:47:14Z,QC.Ver,33%
e3bdc497f81419136965d8788d637f00807f5911,2025-07-24T07:31:27Z,QC.Acc,100%
e3bdc497f81419136965d8788d637f00807f5911,2025-07-24T07:31:27Z,QC.Doc,80%
e3bdc497f81419136965d8788d637f00807f5911,2025-07-24T07:31:27Z,QC.Lic,100%
e3bdc497f81419136965d8788d637f00807f5911,2025-07-24T07:31:27Z,QC.Met,100%
e3bdc497f81419136965d8788d637f00807f5911,2025-07-24T07:31:27Z,QC.Sec,100%
e3bdc497f81419136965d8788d637f00807f5911,2025-07-24T07:31:27Z,QC.Sty,0%
e3bdc497f81419136965d8788d637f00807f5911,2025-07-24T07:31:27Z,QC.Uni,0%
e3bdc497f81419136965d8788d637f00807f5911,2025-07-24T07:31:27Z,QC.Ver,33%
2cd4f72cc58a8c1bc8c559c3869347065a823eb7,2025-08-04T13:18:35Z,QC.Acc,100%
2cd4f72cc58a8c1bc8c559c3869347065a823eb7,2025-08-04T13:18:35Z,QC.Doc,80%
2cd4f72cc58a8c1bc8c559c3869347065a823eb7,2025-08-04T13:18:35Z,QC.Lic,100%
2cd4f72cc58a8c1bc8c559c3869347065a823eb7,2025-08-04T13:18:35Z,QC.Met,100%
2cd4f72cc58a8c1bc8c559c3869347065a823eb7,2025-08-04T13:18:35Z,QC.Sec,100%
2cd4f72cc58a8c1bc8c559c3869347065a823eb7,2025-08-04T13:18:35Z,QC.Sty,0%
2cd4f72cc58a8c1bc8c559c3869347065a823eb7,2025-08-04T13:18:35Z,QC.Uni,0%
2cd4f72cc58a8c1bc8c559c3869347065a823eb7,2025-08-04T13:18:35Z,QC.Ver,33%
49f763aa312a31ca48799bda4bf3b5fc7f3435f4,2025-08-04T13:28:30Z,QC.Acc,100%
49f763aa312a31ca48799bda4bf3b5fc7f3435f4,2025-08-04T13:28:30Z,QC.Doc,80%
49f763aa312a31ca48799bda4bf3b5fc7f3435f4,2025-08-04T13:28:30Z,QC.Lic,100%
49f763aa312a31ca48799bda4bf3b5fc7f3435f4,2025-08-04T13:28:30Z,QC.Met,100%
49f763aa312a31ca48799bda4bf3b5fc7f3435f4,2025-08-04T13:28:30Z,QC.Sec,100%
49f763aa312a31ca48799bda4bf3b5fc7f3435f4,2025-08-04T13:28:30Z,QC.Sty,0%
49f763aa312a31ca48799bda4bf3b5fc7f3435f4,2025-08-04T13:28:30Z,QC.Uni,0%
49f763aa312a31ca48799bda4bf3b5fc7f3435f4,2025-08-04T13:28:30Z,QC.Ver,33%
43bc65b897162efe364c9a3298a1d5d76b6ef40e,2025-08-04T14:25:32Z,QC.Acc,100%
43bc65b897162efe364c9a3298a1d5d76b6ef40e,2025-08-04T14:25:32Z,QC.Doc,80%
43bc65b897162efe364c9a3298a1d5d76b6ef40e,2025-08-04T14:25:32Z,QC.Lic,100%
43bc65b897162efe364c9a3298a1d5d76b6ef40e,2025-08-04T14:25:32Z,QC.Met,100%
43bc65b897162efe364c9a3298a1d5d76b6ef40e,2025-08-04T14:25:32Z,QC.Sec,100%
43bc65b897162efe364c9a3298a1d5d76b6ef40e,2025-08-04T14:25:32Z,QC.Sty,0%
43bc65b897162efe364c9a3298a1d5d76b6ef40e,2025-08-04T14:25:32Z,QC.Uni,0%
43bc65b897162efe364c9a3298a1d5d76b6ef40e,2025-08-04T14:25:32Z,QC.Ver,33%
a69d2ef264599486437deca739f782902a74e18a,2025-08-04T14:38:30Z,QC.Acc,100%
a69d2ef264599486437deca739f782902a74e18a,2025-08-04T14:38:30Z,QC.Doc,80%
a69d2ef264599486437deca739f782902a74e18a,2025-08-04T14:38:30Z,QC.Lic,100%
a69d2ef264599486437deca739f782902a74e18a,2025-08-04T14:38:30Z,QC.Met,100%
a69d2ef264599486437deca739f782902a74e18a,2025-08-04T14:38:30Z,QC.Sec,100%
a69d2ef264599486437deca739f782902a74e18a,2025-08-04T14:38:30Z,QC.Sty,0%
a69d2ef264599486437deca739f782902a74e18a,2025-08-04T14:38:30Z,QC.Uni,0%
a69d2ef264599486437deca739f782902a74e18a,2025-08-04T14:38:30Z,QC.Ver,33%
885358650c309f94c99af70c180c7fd6f8eeed2d,2025-08-08T08:01:28Z,QC.Acc,100%
885358650c309f94c99af70c180c7fd6f8eeed2d,2025-08-08T08:01:28Z,QC.Doc,80%
885358650c309f94c99af70c180c7fd6f8eeed2d,2025-08-08T08:01:28Z,QC.Lic,100%
885358650c309f94c99af70c180c7fd6f8eeed2d,2025-08-08T08:01:28Z,QC.Met,100%
885358650c309f94c99af70c180c7fd6f8eeed2d,2025-08-08T08:01:28Z,QC.Sec,100%
885358650c309f94c99af70c180c7fd6f8eeed2d,2025-08-08T08:01:28Z,QC.Sty,0%
885358650c309f94c99af70c180c7fd6f8eeed2d,2025-08-08T08:01:28Z,QC.Uni,0%
885358650c309f94c99af70c180c7fd6f8eeed2d,2025-08-08T08:01:28Z,QC.Ver,33%
1af75de2d2d3bf5b20ba57b0f074254bddc374fb,2025-08-08T12:50:17Z,QC.Acc,100%
1af75de2d2d3bf5b20ba57b0f074254bddc374fb,2025-08-08T12:50:17Z,QC.Doc,80%
1af75de2d2d3bf5b20ba57b0f074254bddc374fb,2025-08-08T12:50:17Z,QC.Lic,100%
1af75de2d2d3bf5b20ba57b0f074254bddc374fb,2025-08-08T12:50:17Z,QC.Met,100%
1af75de2d2d3bf5b20ba57b0f074254bddc374fb,2025-08-08T12:50:17Z,QC.Sec,100%
1af75de2d2d3bf5b20ba57b0f074254bddc374fb,2025-08-08T12:50:17Z,QC.Sty,0%
1af75de2d2d3bf5b20ba57b0f074254bddc374fb,2025-08-08T12:50:17Z,QC.Uni,0%
1af75de2d2d3bf5b20ba57b0f074254bddc374fb,2025-08-08T12:50:17Z,QC.Ver,33%
f3218f83453b0597ea75a9d42e7f6af9c737c537,2025-08-11T08:16:45Z,QC.Acc,100%
f3218f83453b0597ea75a9d42e7f6af9c737c537,2025-08-11T08:16:45Z,QC.Doc,80%
f3218f83453b0597ea75a9d42e7f6af9c737c537,2025-08-11T08:16:45Z,QC.Lic,100%
f3218f83453b0597ea75a9d42e7f6af9c737c537,2025-08-11T08:16:45Z,QC.Met,100%
f3218f83453b0597ea75a9d42e7f6af9c737c537,2025-08-11T08:16:45Z,QC.Sec,100%
f3218f83453b0597ea75a9d42e7f6af9c737c537,2025-08-11T08:16:45Z,QC.Sty,0%
f3218f83453b0597ea75a9d42e7f6af9c737c537,2025-08-11T08:16:45Z,QC.Uni,0%
f3218f83453b0597ea75a9d42e7f6af9c737c537,2025-08-11T08:16:45Z,QC.Ver,33%
df7b81998d357f56962a6c7cff425039f32cff9f,2025-08-11T10:25:18Z,QC.Acc,100%
df7b81998d357f56962a6c7cff425039f32cff9f,2025-08-11T10:25:18Z,QC.Doc,80%
df7b81998d357f56962a6c7cff425039f32cff9f,2025-08-11T10:25:18Z,QC.Lic,100%
df7b81998d357f56962a6c7cff425039f32cff9f,2025-08-11T10:25:18Z,QC.Met,100%
df7b81998d357f56962a6c7cff425039f32cff9f,2025-08-11T10:25:18Z,QC.Sec,100%
df7b81998d357f56962a6c7cff425039f32cff9f,2025-08-11T10:25:18Z,QC.Sty,0%
df7b81998d357f56962a6c7cff425039f32cff9f,2025-08-11T10:25:18Z,QC.Uni,0%
df7b81998d357f56962a6c7cff425039f32cff9f,2025-08-11T10:25:18Z,QC.Ver,33%
b44447fd94c0f4d2e99870d3a606458a005ffda0,2025-08-11T12:06:06Z,QC.Acc,100%
b44447fd94c0f4d2e99870d3a606458a005ffda0,2025-08-11T12:06:06Z,QC.Doc,80%
b44447fd94c0f4d2e99870d3a606458a005ffda0,2025-08-11T12:06:06Z,QC.Lic,100%
b44447fd94c0f4d2e99870d3a606458a005ffda0,2025-08-11T12:06:06Z,QC.Met,100%
b44447fd94c0f4d2e99870d3a606458a005ffda0,2025-08-11T12:06:06Z,QC.Sec,100%
b44447fd94c0f4d2e99870d3a606458a005ffda0,2025-08-11T12:06:06Z,QC.Sty,0%
b44447fd94c0f4d2e99870d3a606458a005ffda0,2025-08-11T12:06:06Z,QC.Uni,0%
b44447fd94c0f4d2e99870d3a606458a005ffda0,2025-08-11T12:06:06Z,QC.Ver,33%
31f983730619ca7c55b96e8b458b5b6ad84ced79,2025-08-11T12:25:47Z,QC.Acc,100%
31f983730619ca7c55b96e8b458b5b6ad84ced79,2025-08-11T12:25:47Z,QC.Doc,80%
31f983730619ca7c55b96e8b458b5b6ad84ced79,2025-08-11T12:25:47Z,QC.Lic,100%
31f983730619ca7c55b96e8b458b5b6ad84ced79,2025-08-11T12:25:47Z,QC.Met,100%
31f983730619ca7c55b96e8b458b5b6ad84ced79,2025-08-11T12:25:47Z,QC.Sec,100%
31f983730619ca7c55b96e8b458b5b6ad84ced79,2025-08-11T12:25:47Z,QC.Sty,0%
31f983730619ca7c55b96e8b458b5b6ad84ced79,2025-08-11T12:25:47Z,QC.Uni,0%
31f983730619ca7c55b96e8b458b5b6ad84ced79,2025-08-11T12:25:47Z,QC.Ver,33%
96f09e7a9fed6a66c547bc166fdba2fed002fbe2,2025-08-11T13:05:54Z,QC.Acc,100%
96f09e7a9fed6a66c547bc166fdba2fed002fbe2,2025-08-11T13:05:54Z,QC.Doc,80%
96f09e7a9fed6a66c547bc166fdba2fed002fbe2,2025-08-11T13:05:54Z,QC.Lic,100%
96f09e7a9fed6a66c547bc166fdba2fed002fbe2,2025-08-11T13:05:54Z,QC.Met,100%
96f09e7a9fed6a66c547bc166fdba2fed002fbe2,2025-08-11T13:05:54Z,QC.Sec,100%
96f09e7a9fed6a66c547bc166fdba2fed002fbe2,2025-08-11T13:05:54Z,QC.Sty,0%
96f09e7a9fed6a66c547bc166fdba2fed002fbe2,2025-08-11T13:05:54Z,QC.Uni,0%
96f09e7a9fed6a66c547bc166fdba2fed002fbe2,2025-08-11T13:05:54Z,QC.Ver,33%
eeb3dd9cf90acd16a4b869fa1ec5fb36cc63a2f1,2025-08-11T15:52:24Z,QC.Acc,100%
eeb3dd9cf90acd16a4b869fa1ec5fb36cc63a2f1,2025-08-11T15:52:24Z,QC.Doc,80%
eeb3dd9cf90acd16a4b869fa1ec5fb36cc63a2f1,2025-08-11T15:52:24Z,QC.Lic,100%
eeb3dd9cf90acd16a4b869fa1ec5fb36cc63a2f1,2025-08-11T15:52:24Z,QC.Met,100%
eeb3dd9cf90acd16a4b869fa1ec5fb36cc63a2f1,2025-08-11T15:52:24Z,QC.Sec,100%
eeb3dd9cf90acd16a4b869fa1ec5fb36cc63a2f1,2025-08-11T15:52:24Z,QC.Sty,0%
eeb3dd9cf90acd16a4b869fa1ec5fb36cc63a2f1,2025-08-11T15:52:24Z,QC.Uni,0%
eeb3dd9cf90acd16a4b869fa1ec5fb36cc63a2f1,2025-08-11T15:52:24Z,QC.Ver,33%
f0b8aa5a1a7a3c20cb9c1956ae03aa1763de5b41,2025-08-11T16:29:57Z,QC.Acc,100%
f0b8aa5a1a7a3c20cb9c1956ae03aa1763de5b41,2025-08-11T16:29:57Z,QC.Doc,80%
f0b8aa5a1a7a3c20cb9c1956ae03aa1763de5b41,2025-08-11T16:29:57Z,QC.Lic,100%
f0b8aa5a1a7a3c20cb9c1956ae03aa1763de5b41,2025-08-11T16:29:57Z,QC.Met,100%
f0b8aa5a1a7a3c20cb9c1956ae03aa1763de5b41,2025-08-11T16:29:57Z,QC.Sec,100%
f0b8aa5a1a7a3c20cb9c1956ae03aa1763de5b41,2025-08-11T16:29:57Z,QC.Sty,0%
f0b8aa5a1a7a3c20cb9c1956ae03aa1763de5b41,2025-08-11T16:29:57Z,QC.Uni,0%
f0b8aa5a1a7a3c20cb9c1956ae03aa1763de5b41,2025-08-11T16:29:57Z,QC.Ver,33%
05d6dc5100d2ef18312de614cb8e906c58171c96,2025-08-12T07:00:32Z,QC.Acc,100%
05d6dc5100d2ef18312de614cb8e906c58171c96,2025-08-12T07:00:32Z,QC.Doc,80%
05d6dc5100d2ef18312de614cb8e906c58171c96,2025-08-12T07:00:32Z,QC.Lic,100%
05d6dc5100d2ef18312de614cb8e906c58171c96,2025-08-12T07:00:32Z,QC.Met,100%
05d6dc5100d2ef18312de614cb8e906c58171c96,2025-08-12T07:00:32Z,QC.Sec,100%
05d6dc5100d2ef18312de614cb8e906c58171c96,2025-08-12T07:00:32Z,QC.Sty,0%
05d6dc5100d2ef18312de614cb8e906c58171c96,2025-08-12T07:00:32Z,QC.Uni,100%
05d6dc5100d2ef18312de614cb8e906c58171c96,2025-08-12T07:00:32Z,QC.Ver,33%
66ffbaa402aec8be1bbd83d6fb937511657eba60,2025-08-12T08:48:22Z,QC.Acc,100%
66ffbaa402aec8be1bbd83d6fb937511657eba60,2025-08-12T08:48:22Z,QC.Doc,80%
66ffbaa402aec8be1bbd83d6fb937511657eba60,2025-08-12T08:48:22Z,QC.Lic,100%
66ffbaa402aec8be1bbd83d6fb937511657eba60,2025-08-12T08:48:22Z,QC.Met,100%
66ffbaa402aec8be1bbd83d6fb937511657eba60,2025-08-12T08:48:22Z,QC.Sec,100%
66ffbaa402aec8be1bbd83d6fb937511657eba60,2025-08-12T08:48:22Z,QC.Sty,0%
66ffbaa402aec8be1bbd83d6fb937511657eba60,2025-08-12T08:48:22Z,QC.Uni,0%
66ffbaa402aec8be1bbd83d6fb937511657eba60,2025-08-12T08:48:22Z,QC.Ver,33%
59621d419b381b6b6fe46ccec4dd9eb05b335ff5,2025-08-12T14:43:31Z,QC.Acc,100%
59621d419b381b6b6fe46ccec4dd9eb05b335ff5,2025-08-12T14:43:31Z,QC.Doc,80%
59621d419b381b6b6fe46ccec4dd9eb05b335ff5,2025-08-12T14:43:31Z,QC.Lic,100%
59621d419b381b6b6fe46ccec4dd9eb05b335ff5,2025-08-12T14:43:31Z,QC.Met,100%
59621d419b381b6b6fe46ccec4dd9eb05b335ff5,2025-08-12T14:43:31Z,QC.Sec,100%
59621d419b381b6b6fe46ccec4dd9eb05b335ff5,2025-08-12T14:43:31Z,QC.Sty,0%
59621d419b381b6b6fe46ccec4dd9eb05b335ff5,2025-08-12T14:43:31Z,QC.Uni,0%
59621d419b381b6b6fe46ccec4dd9eb05b335ff5,2025-08-12T14:43:31Z,QC.Ver,33%
a804e95e49c71730befe9a35c6d668a43b860403,2025-08-12T16:38:38Z,QC.Acc,100%
a804e95e49c71730befe9a35c6d668a43b860403,2025-08-12T16:38:38Z,QC.Doc,80%
a804e95e49c71730befe9a35c6d668a43b860403,2025-08-12T16:38:38Z,QC.Lic,100%
a804e95e49c71730befe9a35c6d668a43b860403,2025-08-12T16:38:38Z,QC.Met,100%
a804e95e49c71730befe9a35c6d668a43b860403,2025-08-12T16:38:38Z,QC.Sec,100%
a804e95e49c71730befe9a35c6d668a43b860403,2025-08-12T16:38:38Z,QC.Sty,0%
a804e95e49c71730befe9a35c6d668a43b860403,2025-08-12T16:38:38Z,QC.Uni,0%
a804e95e49c71730befe9a35c6d668a43b860403,2025-08-12T16:38:38Z,QC.Ver,33%
1d82a0c4d2c43ba9437f3148d87dd77726aa7721,2025-08-13T15:48:54Z,QC.Acc,100%
1d82a0c4d2c43ba9437f3148d87dd77726aa7721,2025-08-13T15:48:54Z,QC.Doc,80%
1d82a0c4d2c43ba9437f3148d87dd77726aa7721,2025-08-13T15:48:54Z,QC.Lic,100%
1d82a0c4d2c43ba9437f3148d87dd77726aa7721,2025-08-13T15:48:54Z,QC.Met,100%
1d82a0c4d2c43ba9437f3148d87dd77726aa7721,2025-08-13T15:48:54Z,QC.Sec,100%
1d82a0c4d2c43ba9437f3148d87dd77726aa7721,2025-08-13T15:48:54Z,QC.Sty,0%
1d82a0c4d2c43ba9437f3148d87dd77726aa7721,2025-08-13T15:48:54Z,QC.Uni,0%
1d82a0c4d2c43ba9437f3148d87dd77726aa7721,2025-08-13T15:48:54Z,QC.Ver,33%
e9d673c81b9bd4cfd6ff4c2e399450bccb39ed19,2025-08-13T16:40:51Z,QC.Acc,100%
e9d673c81b9bd4cfd6ff4c2e399450bccb39ed19,2025-08-13T16:40:51Z,QC.Doc,80%
e9d673c81b9bd4cfd6ff4c2e399450bccb39ed19,2025-08-13T16:40:51Z,QC.Lic,100%
e9d673c81b9bd4cfd6ff4c2e399450bccb39ed19,2025-08-13T16:40:51Z,QC.Met,100%
e9d673c81b9bd4cfd6ff4c2e399450bccb39ed19,2025-08-13T16:40:51Z,QC.Sec,100%
e9d673c81b9bd4cfd6ff4c2e399450bccb39ed19,2025-08-13T16:40:51Z,QC.Sty,0%
e9d673c81b9bd4cfd6ff4c2e399450bccb39ed19,2025-08-13T16:40:51Z,QC.Uni,0%
e9d673c81b9bd4cfd6ff4c2e399450bccb39ed19,2025-08-13T16:40:51Z,QC.Ver,33%
7b836c7728c418805cf185e0ca8fb1f1c321bca7,2025-08-14T08:34:46Z,QC.Acc,100%
7b836c7728c418805cf185e0ca8fb1f1c321bca7,2025-08-14T08:34:46Z,QC.Doc,80%
7b836c7728c418805cf185e0ca8fb1f1c321bca7,2025-08-14T08:34:46Z,QC.Lic,100%
7b836c7728c418805cf185e0ca8fb1f1c321bca7,2025-08-14T08:34:46Z,QC.Met,100%
7b836c7728c418805cf185e0ca8fb1f1c321bca7,2025-08-14T08:34:46Z,QC.Sec,100%
7b836c7728c418805cf185e0ca8fb1f1c321bca7,2025-08-14T08:34:46Z,QC.Sty,0%
7b836c7728c418805cf185e0ca8fb1f1c321bca7,2025-08-14T08:34:46Z,QC.Uni,0%
7b836c7728c418805cf185e0ca8fb1f1c321bca7,2025-08-14T08:34:46Z,QC.Ver,33%
91ec74e16abcaf4bc84417a17dae6bf69c8f8407,2025-08-14T09:32:28Z,QC.Acc,100%
91ec74e16abcaf4bc84417a17dae6bf69c8f8407,2025-08-14T09:32:28Z,QC.Doc,80%
91ec74e16abcaf4bc84417a17dae6bf69c8f8407,2025-08-14T09:32:28Z,QC.Lic,100%
91ec74e16abcaf4bc84417a17dae6bf69c8f8407,2025-08-14T09:32:28Z,QC.Met,100%
91ec74e16abcaf4bc84417a17dae6bf69c8f8407,2025-08-14T09:32:28Z,QC.Sec,100%
91ec74e16abcaf4bc84417a17dae6bf69c8f8407,2025-08-14T09:32:28Z,QC.Sty,0%
91ec74e16abcaf4bc84417a17dae6bf69c8f8407,2025-08-14T09:32:28Z,QC.Uni,0%
91ec74e16abcaf4bc84417a17dae6bf69c8f8407,2025-08-14T09:32:28Z,QC.Ver,33%
0fb16cf97c715c6d3fa24dbcaee72358768af946,2025-08-14T09:41:38Z,QC.Acc,100%
0fb16cf97c715c6d3fa24dbcaee72358768af946,2025-08-14T09:41:38Z,QC.Doc,80%
0fb16cf97c715c6d3fa24dbcaee72358768af946,2025-08-14T09:41:38Z,QC.Lic,100%
0fb16cf97c715c6d3fa24dbcaee72358768af946,2025-08-14T09:41:38Z,QC.Met,100%
0fb16cf97c715c6d3fa24dbcaee72358768af946,2025-08-14T09:41:38Z,QC.Sec,100%
0fb16cf97c715c6d3fa24dbcaee72358768af946,2025-08-14T09:41:38Z,QC.Sty,0%
0fb16cf97c715c6d3fa24dbcaee72358768af946,2025-08-14T09:41:38Z,QC.Uni,100%
0fb16cf97c715c6d3fa24dbcaee72358768af946,2025-08-14T09:41:38Z,QC.Ver,33%
af57a9b97da2ff9e5968050686b150dcd874fdb0,2025-08-14T10:01:45Z,QC.Acc,100%
af57a9b97da2ff9e5968050686b150dcd874fdb0,2025-08-14T10:01:45Z,QC.Doc,80%
af57a9b97da2ff9e5968050686b150dcd874fdb0,2025-08-14T10:01:45Z,QC.Lic,100%
af57a9b97da2ff9e5968050686b150dcd874fdb0,2025-08-14T10:01:45Z,QC.Met,100%
af57a9b97da2ff9e5968050686b150dcd874fdb0,2025-08-14T10:01:45Z,QC.Sec,100%
af57a9b97da2ff9e5968050686b150dcd874fdb0,2025-08-14T10:01:45Z,QC.Sty,0%
af57a9b97da2ff9e5968050686b150dcd874fdb0,2025-08-14T10:01:45Z,QC.Uni,100%
af57a9b97da2ff9e5968050686b150dcd874fdb0,2025-08-14T10:01:45Z,QC.Ver,33%
11147f1ee15c3daa169dfbd814879d8855e571c9,2025-08-14T10:26:55Z,QC.Acc,100%
11147f1ee15c3daa169dfbd814879d8855e571c9,2025-08-14T10:26:55Z,QC.Doc,80%
11147f1ee15c3daa169dfbd814879d8855e571c9,2025-08-14T10:26:55Z,QC.Lic,100%
11147f1ee15c3daa169dfbd814879d8855e571c9,2025-08-14T10:26:55Z,QC.Met,100%
11147f1ee15c3daa169dfbd814879d8855e571c9,2025-08-14T10:26:55Z,QC.Sec,100%
11147f1ee15c3daa169dfbd814879d8855e571c9,2025-08-14T10:26:55Z,QC.Sty,0%
11147f1ee15c3daa169dfbd814879d8855e571c9,2025-08-14T10:26:55Z,QC.Uni,100%
11147f1ee15c3daa169dfbd814879d8855e571c9,2025-08-14T10:26:55Z,QC.Ver,33%
7c90586ec1c358ec51497ab058a754cd5d3ae19c,2025-08-14T12:00:38Z,QC.Acc,100%
7c90586ec1c358ec51497ab058a754cd5d3ae19c,2025-08-14T12:00:38Z,QC.Doc,80%
7c90586ec1c358ec51497ab058a754cd5d3ae19c,2025-08-14T12:00:38Z,QC.Lic,100%
7c90586ec1c358ec51497ab058a754cd5d3ae19c,2025-08-14T12:00:38Z,QC.Met,100%
7c90586ec1c358ec51497ab058a754cd5d3ae19c,2025-08-14T12:00:38Z,QC.Sec,100%
7c90586ec1c358ec51497ab058a754cd5d3ae19c,2025-08-14T12:00:38Z,QC.Sty,0%
7c90586ec1c358ec51497ab058a754cd5d3ae19c,2025-08-14T12:00:38Z,QC.Uni,0%
7c90586ec1c358ec51497ab058a754cd5d3ae19c,2025-08-14T12:00:38Z,QC.Ver,33%
58e517618f94e5a1843db63c7a5818fa3db54e96,2025-08-14T12:14:36Z,QC.Acc,100%
58e517618f94e5a1843db63c7a5818fa3db54e96,2025-08-14T12:14:36Z,QC.Doc,80%
58e517618f94e5a1843db63c7a5818fa3db54e96,2025-08-14T12:14:36Z,QC.Lic,100%
58e517618f94e5a1843db63c7a5818fa3db54e96,2025-08-14T12:14:36Z,QC.Met,100%
58e517618f94e5a1843db63c7a5818fa3db54e96,2025-08-14T12:14:36Z,QC.Sec,100%
58e517618f94e5a1843db63c7a5818fa3db54e96,2025-08-14T12:14:36Z,QC.Sty,0%
58e517618f94e5a1843db63c7a5818fa3db54e96,2025-08-14T12:14:36Z,QC.Uni,0%
58e517618f94e5a1843db63c7a5818fa3db54e96,2025-08-14T12:14:36Z,QC.Ver,33%
6184b0ac5707eaa5639c968b5a88fcff8c5e441e,2025-08-15T08:46:19Z,QC.Acc,100%
6184b0ac5707eaa5639c968b5a88fcff8c5e441e,2025-08-15T08:46:19Z,QC.Doc,80%
6184b0ac5707eaa5639c968b5a88fcff8c5e441e,2025-08-15T08:46:19Z,QC.Lic,100%
6184b0ac5707eaa5639c968b5a88fcff8c5e441e,2025-08-15T08:46:19Z,QC.Met,100%
6184b0ac5707eaa5639c968b5a88fcff8c5e441e,2025-08-15T08:46:19Z,QC.Sec,100%
6184b0ac5707eaa5639c968b5a88fcff8c5e441e,2025-08-15T08:46:19Z,QC.Sty,0%
6184b0ac5707eaa5639c968b5a88fcff8c5e441e,2025-08-15T08:46:19Z,QC.Uni,0%
6184b0ac5707eaa5639c968b5a88fcff8c5e441e,2025-08-15T08:46:19Z,QC.Ver,33%
d625a4b9fa32f97e3d3a9707133f5d7b98627bb7,2025-08-26T07:22:50Z,QC.Acc,100%
d625a4b9fa32f97e3d3a9707133f5d7b98627bb7,2025-08-26T07:22:50Z,QC.Doc,80%
d625a4b9fa32f97e3d3a9707133f5d7b98627bb7,2025-08-26T07:22:50Z,QC.Lic,100%
d625a4b9fa32f97e3d3a9707133f5d7b98627bb7,2025-08-26T07:22:50Z,QC.Met,100%
d625a4b9fa32f97e3d3a9707133f5d7b98627bb7,2025-08-26T07:22:50Z,QC.Sec,100%
d625a4b9fa32f97e3d3a9707133f5d7b98627bb7,2025-08-26T07:22:50Z,QC.Sty,0%
d625a4b9fa32f97e3d3a9707133f5d7b98627bb7,2025-08-26T07:22:50Z,QC.Uni,0%
d625a4b9fa32f97e3d3a9707133f5d7b98627bb7,2025-08-26T07:22:50Z,QC.Ver,33%
8dbe796104a12ac448b61977f025d6cf14b7d187,2025-08-26T08:05:45Z,QC.Acc,100%
8dbe796104a12ac448b61977f025d6cf14b7d187,2025-08-26T08:05:45Z,QC.Doc,80%
8dbe796104a12ac448b61977f025d6cf14b7d187,2025-08-26T08:05:45Z,QC.Lic,100%
8dbe796104a12ac448b61977f025d6cf14b7d187,2025-08-26T08:05:45Z,QC.Met,100%
8dbe796104a12ac448b61977f025d6cf14b7d187,2025-08-26T08:05:45Z,QC.Sec,100%
8dbe796104a12ac448b61977f025d6cf14b7d187,2025-08-26T08:05:45Z,QC.Sty,100%
8dbe796104a12ac448b61977f025d6cf14b7d187,2025-08-26T08:05:45Z,QC.Uni,0%
8dbe796104a12ac448b61977f025d6cf14b7d187,2025-08-26T08:05:45Z,QC.Ver,33%
455a5f532ec80828b4357350e80cea297e3adb0f,2025-08-26T08:14:22Z,QC.Acc,100%
455a5f532ec80828b4357350e80cea297e3adb0f,2025-08-26T08:14:22Z,QC.Doc,80%
455a5f532ec80828b4357350e80cea297e3adb0f,2025-08-26T08:14:22Z,QC.Lic,100%
455a5f532ec80828b4357350e80cea297e3adb0f,2025-08-26T08:14:22Z,QC.Met,100%
455a5f532ec80828b4357350e80cea297e3adb0f,2025-08-26T08:14:22Z,QC.Sec,100%
455a5f532ec80828b4357350e80cea297e3adb0f,2025-08-26T08:14:22Z,QC.Sty,100%
455a5f532ec80828b4357350e80cea297e3adb0f,2025-08-26T08:14:22Z,QC.Uni,0%
455a5f532ec80828b4357350e80cea297e3adb0f,2025-08-26T08:14:22Z,QC.Ver,33%
3afb13f86a7796489f38d68628cb8cd4a6b8e4b5,2025-08-26T08:50:11Z,QC.Acc,100%
3afb13f86a7796489f38d68628cb8cd4a6b8e4b5,2025-08-26T08:50:11Z,QC.Doc,80%
3afb13f86a7796489f38d68628cb8cd4a6b8e4b5,2025-08-26T08:50:11Z,QC.Lic,100%
3afb13f86a7796489f38d68628cb8cd4a6b8e4b5,2025-08-26T08:50:11Z,QC.Met,100%
3afb13f86a7796489f38d68628cb8cd4a6b8e4b5,2025-08-26T08:50:11Z,QC.Sec,100%
3afb13f86a7796489f38d68628cb8cd4a6b8e4b5,2025-08-26T08:50:11Z,QC.Sty,100%
3afb13f86a7796489f38d68628cb8cd4a6b8e4b5,2025-08-26T08:50:11Z,QC.Uni,100%
3afb13f86a7796489f38d68628cb8cd4a6b8e4b5,2025-08-26T08:50:11Z,QC.Ver,33%
d3aa9e0db82b10dee6067b74b50d455544bfef6a,2025-08-26T09:26:33Z,QC.Acc,100%
d3aa9e0db82b10dee6067b74b50d455544bfef6a,2025-08-26T09:26:33Z,QC.Doc,80%
d3aa9e0db82b10dee6067b74b50d455544bfef6a,2025-08-26T09:26:33Z,QC.Lic,100%
d3aa9e0db82b10dee6067b74b50d455544bfef6a,2025-08-26T09:26:33Z,QC.Met,100%
d3aa9e0db82b10dee6067b74b50d455544bfef6a,2025-08-26T09:26:33Z,QC.Sec,100%
d3aa9e0db82b10dee6067b74b50d455544bfef6a,2025-08-26T09:26:33Z,QC.Sty,100%
d3aa9e0db82b10dee6067b74b50d455544bfef6a,2025-08-26T09:26:33Z,QC.Uni,100%
d3aa9e0db82b10dee6067b74b50d455544bfef6a,2025-08-26T09:26:33Z,QC.Ver,33%
8dc7cca95d7e8e2a4b8544d09f57fd5ea1a29515,2025-08-26T10:03:55Z,QC.Acc,100%
8dc7cca95d7e8e2a4b8544d09f57fd5ea1a29515,2025-08-26T10:03:55Z,QC.Doc,80%
8dc7cca95d7e8e2a4b8544d09f57fd5ea1a29515,2025-08-26T10:03:55Z,QC.Lic,100%
8dc7cca95d7e8e2a4b8544d09f57fd5ea1a29515,2025-08-26T10:03:55Z,QC.Met,100%
8dc7cca95d7e8e2a4b8544d09f57fd5ea1a29515,2025-08-26T10:03:55Z,QC.Sec,100%
8dc7cca95d7e8e2a4b8544d09f57fd5ea1a29515,2025-08-26T10:03:55Z,QC.Sty,100%
8dc7cca95d7e8e2a4b8544d09f57fd5ea1a29515,2025-08-26T10:03:55Z,QC.Uni,100%
8dc7cca95d7e8e2a4b8544d09f57fd5ea1a29515,2025-08-26T10:03:55Z,QC.Ver,33%
37cb8e655e37c8389a00bccef7028ba5f3876d13,2025-08-27T09:47:41Z,QC.Acc,100%
37cb8e655e37c8389a00bccef7028ba5f3876d13,2025-08-27T09:47:41Z,QC.Doc,80%
37cb8e655e37c8389a00bccef7028ba5f3876d13,2025-08-27T09:47:41Z,QC.Lic,100%
37cb8e655e37c8389a00bccef7028ba5f3876d13,2025-08-27T09:47:41Z,QC.Met,100%
37cb8e655e37c8389a00bccef7028ba5f3876d13,2025-08-27T09:47:41Z,QC.Sec,100%
37cb8e655e37c8389a00bccef7028ba5f3876d13,2025-08-27T09:47:41Z,QC.Sty,100%
37cb8e655e37c8389a00bccef7028ba5f3876d13,2025-08-27T09:47:41Z,QC.Uni,100%
37cb8e655e37c8389a00bccef7028ba5f3876d13,2025-08-27T09:47:41Z,QC.Ver,33%
63815371bf5cf447a58a0c93ca20e14c5b66ad2d,2025-10-30T09:52:26Z,QC.Acc,100%
63815371bf5cf447a58a0c93ca20e14c5b66ad2d,2025-10-30T09:52:26Z,QC.Doc,80%
63815371bf5cf447a58a0c93ca20e14c5b66ad2d,2025-10-30T09:52:26Z,QC.Lic,100%
63815371bf5cf447a58a0c93ca20e14c5b66ad2d,2025-10-30T09:52:26Z,QC.Met,100%
63815371bf5cf447a58a0c93ca20e14c5b66ad2d,2025-10-30T09:52:26Z,QC.Sec,100%
63815371bf5cf447a58a0c93ca20e14c5b66ad2d,2025-10-30T09:52:26Z,QC.Sty,0%
63815371bf5cf447a58a0c93ca20e14c5b66ad2d,2025-10-30T09:52:26Z,QC.Uni,0%
63815371bf5cf447a58a0c93ca20e14c5b66ad2d,2025-10-30T09:52:26Z,QC.Ver,33%
3d8a59766088e6ede3fe14a1bf78444ca896e41a,2025-12-23T08:34:24Z,QC.Acc,100%
3d8a59766088e6ede3fe14a1bf78444ca896e41a,2025-12-23T08:34:24Z,QC.Doc,80%
3d8a59766088e6ede3fe14a1bf78444ca896e41a,2025-12-23T08:34:24Z,QC.Lic,100%
3d8a59766088e6ede3fe14a1bf78444ca896e41a,2025-12-23T08:34:24Z,QC.Met,100%
3d8a59766088e6ede3fe14a1bf78444ca896e41a,2025-12-23T08:34:24Z,QC.Sec,100%
3d8a59766088e6ede3fe14a1bf78444ca896e41a,2025-12-23T08:34:24Z,QC.Sty,0%
3d8a59766088e6ede3fe14a1bf78444ca896e41a,2025-12-23T08:34:24Z,QC.Uni,100%
3d8a59766088e6ede3fe14a1bf78444ca896e41a,2025-12-23T08:34:24Z,QC.Ver,33%
d24751e5337d977ee2d4baee3aaf20864a5dc985,2026-01-05T13:14:25Z,QC.Acc,100%
d24751e5337d977ee2d4baee3aaf20864a5dc985,2026-01-05T13:14:25Z,QC.Doc,80%
d24751e5337d977ee2d4baee3aaf20864a5dc985,2026-01-05T13:14:25Z,QC.Lic,100%
d24751e5337d977ee2d4baee3aaf20864a5dc985,2026-01-05T13:14:25Z,QC.Met,100%
d24751e5337d977ee2d4baee3aaf20864a5dc985,2026-01-05T13:14:25Z,QC.Sec,100%
d24751e5337d977ee2d4baee3aaf20864a5dc985,2026-01-05T13:14:25Z,QC.Sty,0%
d24751e5337d977ee2d4baee3aaf20864a5dc985,2026-01-05T13:14:25Z,QC.Uni,100%
d24751e5337d977ee2d4baee3aaf20864a5dc985,2026-01-05T13:14:25Z,QC.Ver,33%
52901dcc2f7d0c8e6830daf1d3ad34250e75fec9,2026-01-14T16:45:03Z,QC.Acc,100%
52901dcc2f7d0c8e6830daf1d3ad34250e75fec9,2026-01-14T16:45:03Z,QC.Doc,80%
52901dcc2f7d0c8e6830daf1d3ad34250e75fec9,2026-01-14T16:45:03Z,QC.Lic,100%
52901dcc2f7d0c8e6830daf1d3ad34250e75fec9,2026-01-14T16:45:03Z,QC.Met,100%
52901dcc2f7d0c8e6830daf1d3ad34250e75fec9,2026-01-14T16:45:03Z,QC.Sec,100%
52901dcc2f7d0c8e6830daf1d3ad34250e75fec9,2026-01-14T16:45:03Z,QC.Sty,0%
52901dcc2f7d0c8e6830daf1d3ad34250e75fec9,2026-01-14T16:45:03Z,QC.Uni,100%
52901dcc2f7d0c8e6830daf1d3ad34250e75fec9,2026-01-14T16:45:03Z,QC.Ver,33%
93b1d29af8d8408a8021c095c0c135cf743abd63,2026-01-26T09:36:16Z,QC.Acc,100%
93b1d29af8d8408a8021c095c0c135cf743abd63,2026-01-26T09:36:16Z,QC.Doc,80%
93b1d29af8d8408a8021c095c0c135cf743abd63,2026-01-26T09:36:16Z,QC.Lic,100%
93b1d29af8d8408a8021c095c0c135cf743abd63,2026-01-26T09:36:16Z,QC.Met,100%
93b1d29af8d8408a8021c095c0c135cf743abd63,2026-01-26T09:36:16Z,QC.Sec,100%
93b1d29af8d8408a8021c095c0c135cf743abd63,2026-01-26T09:36:16Z,QC.Sty,0%
93b1d29af8d8408a8021c095c0c135cf743abd63,2026-01-26T09:36:16Z,QC.Uni,100%
93b1d29af8d8408a8021c095c0c135cf743abd63,2026-01-26T09:36:16Z,QC.Ver,33%
6f6f2d0628c9474ba822cacb930226053282d682,2026-01-29T13:25:32Z,QC.Acc,100%
6f6f2d0628c9474ba822cacb930226053282d682,2026-01-29T13:25:32Z,QC.Doc,80%
6f6f2d0628c9474ba822cacb930226053282d682,2026-01-29T13:25:32Z,QC.Lic,100%
6f6f2d0628c9474ba822cacb930226053282d682,2026-01-29T13:25:32Z,QC.Met,100%
6f6f2d0628c9474ba822cacb930226053282d682,2026-01-29T13:25:32Z,QC.Sec,100%
6f6f2d0628c9474ba822cacb930226053282d682,2026-01-29T13:25:32Z,QC.Sty,0%
6f6f2d0628c9474ba822cacb930226053282d682,2026-01-29T13:25:32Z,QC.Uni,100%
6f6f2d0628c9474ba822cacb930226053282d682,2026-01-29T13:25:32Z,QC.Ver,33%
69e94fdb2f2a6f977abfec696613a8f15dd692be,2026-02-03T10:29:58Z,QC.Acc,100%
69e94fdb2f2a6f977abfec696613a8f15dd692be,2026-02-03T10:29:58Z,QC.Doc,80%
69e94fdb2f2a6f977abfec696613a8f15dd692be,2026-02-03T10:29:58Z,QC.Lic,100%
69e94fdb2f2a6f977abfec696613a8f15dd692be,2026-02-03T10:29:58Z,QC.Met,100%
69e94fdb2f2a6f977abfec696613a8f15dd692be,2026-02-03T10:29:58Z,QC.Sec,100%
69e94fdb2f2a6f977abfec696613a8f15dd692be,2026-02-03T10:29:58Z,QC.Sty,0%
69e94fdb2f2a6f977abfec696613a8f15dd692be,2026-02-03T10:29:58Z,QC.Uni,0%
69e94fdb2f2a6f977abfec696613a8f15dd692be,2026-02-03T10:29:58Z,QC.Ver,33%
b93e1bd239c5b1079b13142fe8dd90ea12b0a13e,2026-02-04T13:30:25Z,QC.Acc,100%
b93e1bd239c5b1079b13142fe8dd90ea12b0a13e,2026-02-04T13:30:25Z,QC.Doc,80%
b93e1bd239c5b1079b13142fe8dd90ea12b0a13e,2026-02-04T13:30:25Z,QC.Lic,100%
b93e1bd239c5b1079b13142fe8dd90ea12b0a13e,2026-02-04T13:30:25Z,QC.Met,100%
b93e1bd239c5b1079b13142fe8dd90ea12b0a13e,2026-02-04T13:30:25Z,QC.Sec,100%
b93e1bd239c5b1079b13142fe8dd90ea12b0a13e,2026-02-04T13:30:25Z,QC.Sty,0%
b93e1bd239c5b1079b13142fe8dd90ea12b0a13e,2026-02-04T13:30:25Z,QC.Uni,100%
b93e1bd239c5b1079b13142fe8dd90ea12b0a13e,2026-02-04T13:30:25Z,QC.Ver,33%
98c7e2819b76fd5b8a3ea6f2919e899ad62338e9,2026-02-23T13:27:55Z,QC.Acc,100%
98c7e2819b76fd5b8a3ea6f2919e899ad62338e9,2026-02-23T13:27:55Z,QC.Doc,80%
98c7e2819b76fd5b8a3ea6f2919e899ad62338e9,2026-02-23T13:27:55Z,QC.Lic,75%
98c7e2819b76fd5b8a3ea6f2919e899ad62338e9,2026-02-23T13:27:55Z,QC.Met,100%
98c7e2819b76fd5b8a3ea6f2919e899ad62338e9,2026-02-23T13:27:55Z,QC.Sec,100%
98c7e2819b76fd5b8a3ea6f2919e899ad62338e9,2026-02-23T13:27:55Z,QC.Sty,0%
98c7e2819b76fd5b8a3ea6f2919e899ad62338e9,2026-02-23T13:27:55Z,QC.Uni,100%
98c7e2819b76fd5b8a3ea6f2919e899ad62338e9,2026-02-23T13:27:55Z,QC.Ver,33%
c175f9ada2624e902dc9de3221753ff85b314ef1,2026-02-23T14:43:56Z,QC.Acc,100%
c175f9ada2624e902dc9de3221753ff85b314ef1,2026-02-23T14:43:56Z,QC.Doc,80%
c175f9ada2624e902dc9de3221753ff85b314ef1,2026-02-23T14:43:56Z,QC.Lic,75%
c175f9ada2624e902dc9de3221753ff85b314ef1,2026-02-23T14:43:56Z,QC.Met,100%
c175f9ada2624e902dc9de3221753ff85b314ef1,2026-02-23T14:43:56Z,QC.Sec,100%
c175f9ada2624e902dc9de3221753ff85b314ef1,2026-02-23T14:43:56Z,QC.Sty,0%
c175f9ada2624e902dc9de3221753ff85b314ef1,2026-02-23T14:43:56Z,QC.Uni,100%
c175f9ada2624e902dc9de3221753ff85b314ef1,2026-02-23T14:43:56Z,QC.Ver,33%
